Well;Depth;GR;NPHI;RHOB;PEF;DT;RD_LOG;VSH;SW;KLOGH;PHIF;PHID;N-D;Id_discreto;Lithofacies
F-14;3000.00;52.0500;0.2250;2.5140;4.2570;81.2660;0.9052;0.4330;0.0760;0.0010;0.0778;0.0778;0.1470;1;F-TIDAL BAR
F-14;3000.25;44.4970;0.2010;2.4690;4.1210;79.6720;1.3242;0.3780;0.0590;0.0010;0.1034;0.1034;0.0980;1;F-TIDAL BAR
F-14;3000.50;36.9450;0.1780;2.4240;3.9840;78.0790;1.5334;0.3080;0.0350;0.0010;0.1290;0.1290;0.0490;1;F-TIDAL BAR
F-14;3000.75;30.2810;0.1760;2.3620;3.9420;77.1300;2.0685;0.2290;0.0170;24.9540;0.1646;0.1646;0.0120;1;F-TIDAL BAR
F-14;3001.00;23.6170;0.1750;2.3000;3.9000;76.1810;2.3010;0.1810;0.0150;66.2320;0.2003;0.2003;-0.0260;1;F-TIDAL BAR
F-14;3001.25;23.1640;0.1660;2.3780;3.4700;77.4410;2.0959;0.1630;0.0100;103.6080;0.1553;0.1553;0.0110;1;F-TIDAL BAR
F-14;3001.50;22.7110;0.1580;2.4570;3.0410;78.7020;1.6938;0.1560;0.0180;71.3440;0.1103;0.1103;0.0480;1;F-TIDAL BAR
F-14;3001.75;22.6750;0.1590;2.4190;3.3270;79.8970;1.6279;0.1490;0.0210;86.5840;0.1322;0.1322;0.0270;1;F-TIDAL BAR
F-14;3002.00;22.6400;0.1600;2.3800;3.6140;81.0920;1.5503;0.1500;0.0230;109.0570;0.1542;0.1542;0.0060;1;F-TIDAL BAR
F-14;3002.25;22.3680;0.1570;2.3800;3.6920;77.3760;1.5418;0.1520;0.0250;93.2840;0.1545;0.1545;0.0030;1;F-TIDAL BAR
F-14;3002.50;22.0960;0.1550;2.3790;3.7710;73.6600;1.5332;0.1540;0.0270;94.6810;0.1547;0.1547;0.0000;1;F-TIDAL BAR
F-14;3002.75;23.6800;0.1550;2.3840;3.4720;75.2510;1.5717;0.1550;0.0270;84.3640;0.1518;0.1518;0.0030;1;F-TIDAL BAR
F-14;3003.00;25.2650;0.1550;2.3890;3.1720;76.8420;1.6071;0.1690;0.0260;57.2890;0.1490;0.1490;0.0060;1;F-TIDAL BAR
F-14;3003.25;24.8010;0.1520;2.4060;3.2730;75.6730;1.6411;0.1740;0.0260;51.7400;0.1394;0.1394;0.0120;1;F-TIDAL BAR
F-14;3003.50;24.3370;0.1480;2.4230;3.3730;74.5050;1.6726;0.1640;0.0260;58.9430;0.1298;0.1298;0.0190;1;F-TIDAL BAR
F-14;3003.75;24.4390;0.1400;2.4490;3.5490;74.5260;1.6912;0.1670;0.0240;44.1040;0.1151;0.1151;0.0250;1;F-TIDAL BAR
F-14;3004.00;24.5420;0.1320;2.4740;3.7250;74.5480;1.7090;0.1700;0.0230;31.4670;0.1004;0.1004;0.0310;1;F-TIDAL BAR
F-14;3004.25;23.1590;0.1640;2.3670;3.4440;73.4210;1.7376;0.1590;0.0230;67.2640;0.1616;0.1616;0.0030;1;F-TIDAL BAR
F-14;3004.50;21.7760;0.1970;2.2600;3.1630;72.2940;1.7645;0.1460;0.0240;230.2820;0.2227;0.2227;-0.0260;1;F-TIDAL BAR
F-14;3004.75;21.5880;0.2000;2.2400;2.8870;79.5630;1.7693;0.1450;0.0250;315.6510;0.2343;0.2343;-0.0340;1;F-TIDAL BAR
F-14;3005.00;21.4010;0.2030;2.2200;2.6120;86.8310;1.7741;0.1400;0.0260;451.7960;0.2459;0.2459;-0.0430;1;F-TIDAL BAR
F-14;3005.25;21.5420;0.1980;2.2140;2.6820;91.6280;1.7690;0.1450;0.0250;413.8970;0.2490;0.2490;-0.0510;1;F-TIDAL BAR
F-14;3005.50;21.6830;0.1920;2.2090;2.7510;96.4250;1.7638;0.1510;0.0260;410.2460;0.2519;0.2519;-0.0600;1;F-TIDAL BAR
F-14;3005.75;20.4780;0.1900;2.2230;2.7720;89.6690;1.7441;0.1420;0.0250;465.7260;0.2442;0.2442;-0.0540;1;F-TIDAL BAR
F-14;3006.00;19.2730;0.1880;2.2360;2.7940;82.9120;1.7234;0.1270;0.0270;630.6570;0.2365;0.2365;-0.0490;1;F-TIDAL BAR
F-14;3006.25;21.6250;0.1970;2.2480;3.1480;85.3460;1.7219;0.1280;0.0260;488.4670;0.2297;0.2297;-0.0330;1;F-TIDAL BAR
F-14;3006.50;23.9760;0.2050;2.2600;3.5030;87.7800;1.7204;0.1470;0.0260;322.4850;0.2228;0.2228;-0.0180;1;F-TIDAL BAR
F-14;3006.75;24.6200;0.2010;2.2620;3.7200;88.3420;1.7030;0.1690;0.0270;185.4900;0.2217;0.2217;-0.0210;1;F-TIDAL BAR
F-14;3007.00;25.2650;0.1970;2.2640;3.9380;88.9040;1.6849;0.1770;0.0270;137.1860;0.2205;0.2205;-0.0240;1;F-TIDAL BAR
F-14;3007.25;25.2890;0.2060;2.2260;4.0490;89.3460;1.6675;0.1760;0.0290;171.9340;0.2422;0.2422;-0.0360;1;F-TIDAL BAR
F-14;3007.50;25.3120;0.2160;2.1880;4.1590;89.7890;1.6494;0.1810;0.0310;197.9000;0.2639;0.2639;-0.0480;1;F-TIDAL BAR
F-14;3007.75;22.6900;0.2100;2.1920;3.9690;85.8220;1.6392;0.1600;0.0300;410.0590;0.2619;0.2619;-0.0520;1;F-TIDAL BAR
F-14;3008.00;20.0680;0.2030;2.1950;3.7790;81.8550;1.6288;0.1380;0.0290;557.4000;0.2600;0.2600;-0.0570;1;F-TIDAL BAR
F-14;3008.25;20.5220;0.1970;2.1910;3.4580;81.8600;1.6673;0.1260;0.0280;691.4560;0.2621;0.2621;-0.0650;1;F-TIDAL BAR
F-14;3008.50;20.9750;0.1920;2.1880;3.1380;81.8650;1.7027;0.1300;0.0270;624.1020;0.2641;0.2641;-0.0730;1;F-TIDAL BAR
F-14;3008.75;22.1330;0.2080;2.1820;3.2070;87.4190;1.7343;0.1430;0.0260;546.6750;0.2674;0.2674;-0.0600;1;F-TIDAL BAR
F-14;3009.00;23.2910;0.2240;2.1760;3.2750;92.9740;1.7637;0.1490;0.0230;566.8870;0.2708;0.2708;-0.0470;1;F-TIDAL BAR
F-14;3009.25;27.8760;0.2220;2.2150;3.3790;92.1010;1.7314;0.1680;0.0200;359.7430;0.2485;0.2485;-0.0270;1;F-TIDAL BAR
F-14;3009.50;32.4620;0.2190;2.2540;3.4820;91.2280;1.6964;0.2120;0.0170;101.2220;0.2262;0.2262;-0.0070;1;F-TIDAL BAR
F-14;3009.75;38.3390;0.2130;2.3320;3.6480;90.5780;1.5740;0.2530;0.0220;37.9010;0.1816;0.1816;0.0310;1;F-TIDAL BAR
F-14;3010.00;44.2160;0.2060;2.4100;3.8140;89.9270;1.4030;0.3000;0.0240;8.2190;0.1370;0.1370;0.0690;1;F-TIDAL BAR
F-14;3010.25;48.0480;0.2000;2.4820;4.4100;85.8460;1.6473;0.3610;0.0210;0.6130;0.0961;0.0961;0.1040;1;F-TIDAL BAR
F-14;3010.50;51.8800;0.1930;2.5530;5.0060;81.7640;1.8027;0.4080;0.0350;0.0540;0.0552;0.0552;0.1380;1;F-TIDAL BAR
F-14;3010.75;53.0390;0.1950;2.4910;4.4190;78.0520;1.5912;0.4080;0.0480;0.0710;0.0909;0.0909;0.1040;1;F-TIDAL BAR
F-14;3011.00;54.1970;0.1980;2.4290;3.8330;74.3410;1.1623;0.4120;0.0660;0.1180;0.1266;0.1266;0.0710;1;F-TIDAL BAR
F-14;3011.25;51.4100;0.2110;2.3340;3.7180;77.6580;1.3252;0.4170;0.0660;0.5490;0.1808;0.1808;0.0300;1;F-TIDAL BAR
F-14;3011.50;48.6240;0.2240;2.2390;3.6040;80.9760;1.4434;0.3960;0.0770;1.5250;0.2350;0.2350;-0.0110;6;F-LOWER SHOREFACE
F-14;3011.75;43.2180;0.2310;2.1720;3.1840;79.1610;1.4357;0.3640;0.0480;6.5770;0.2729;0.2729;-0.0420;6;F-LOWER SHOREFACE
F-14;3012.00;37.8120;0.2370;2.1060;2.7640;77.3460;1.4278;0.3140;0.0200;28.0250;0.3107;0.3107;-0.0730;6;F-LOWER SHOREFACE
F-14;3012.25;33.9870;0.2360;2.1070;2.9700;81.4330;1.4375;0.2720;0.0150;84.1690;0.3105;0.3105;-0.0740;6;F-LOWER SHOREFACE
F-14;3012.50;30.1610;0.2350;2.1070;3.1770;85.5210;1.4470;0.2270;0.0220;214.1170;0.3102;0.3102;-0.0750;6;F-LOWER SHOREFACE
F-14;3012.75;31.9790;0.2310;2.1590;3.0630;86.6710;1.3725;0.2170;0.0230;224.8170;0.2807;0.2807;-0.0500;6;F-LOWER SHOREFACE
F-14;3013.00;33.7960;0.2270;2.2110;2.9490;87.8210;1.2825;0.2220;0.0250;141.0380;0.2511;0.2511;-0.0240;6;F-LOWER SHOREFACE
F-14;3013.25;43.9430;0.2040;2.3180;3.3910;85.8870;1.2984;0.3140;0.0250;8.1170;0.1898;0.1898;0.0140;6;F-LOWER SHOREFACE
F-14;3013.50;54.0910;0.1810;2.4250;3.8330;83.9540;1.3138;0.3900;0.0220;0.2900;0.1285;0.1285;0.0530;6;F-LOWER SHOREFACE
F-14;3013.75;53.2340;0.1880;2.3910;3.5420;81.2510;1.3743;0.4280;0.0370;0.3060;0.1478;0.1478;0.0400;6;F-LOWER SHOREFACE
F-14;3014.00;52.3780;0.1950;2.3580;3.2500;78.5490;1.4274;0.4170;0.0470;0.5320;0.1671;0.1671;0.0280;6;F-LOWER SHOREFACE
F-14;3014.25;50.9560;0.1970;2.3200;3.0910;72.8530;1.5674;0.4070;0.0420;0.7190;0.1889;0.1889;0.0080;6;F-LOWER SHOREFACE
F-14;3014.50;49.5340;0.1990;2.2820;2.9330;67.1560;1.6732;0.3910;0.0320;1.3060;0.2106;0.2106;-0.0110;6;F-LOWER SHOREFACE
F-14;3014.75;54.6660;0.1870;2.3650;3.0890;71.3950;1.6028;0.4070;0.0350;1.1930;0.1631;0.1631;0.0240;6;F-LOWER SHOREFACE
F-14;3015.00;59.7980;0.1740;2.4480;3.2440;75.6330;1.5187;0.4470;0.0400;0.2530;0.1157;0.1157;0.0590;6;F-LOWER SHOREFACE
F-14;3015.25;57.4930;0.1780;2.4930;3.5290;80.4550;1.5242;0.4750;0.0340;0.0540;0.0895;0.0895;0.0890;6;F-LOWER SHOREFACE
F-14;3015.50;55.1890;0.1820;2.5390;3.8140;85.2770;1.5296;0.4680;0.0290;0.0260;0.0634;0.0634;0.1190;6;F-LOWER SHOREFACE
F-14;3015.75;50.3710;0.1820;2.4490;3.4120;82.5820;1.4780;0.4260;0.0290;0.0580;0.1147;0.1147;0.0680;6;F-LOWER SHOREFACE
F-14;3016.00;45.5540;0.1820;2.3600;3.0090;79.8880;1.4194;0.3720;0.0310;0.2300;0.1659;0.1659;0.0160;6;F-LOWER SHOREFACE
F-14;3016.25;41.7980;0.1920;2.2620;2.9040;82.2010;1.3866;0.3400;0.0370;3.5810;0.2215;0.2215;-0.0290;6;F-LOWER SHOREFACE
F-14;3016.50;38.0430;0.2020;2.1650;2.8000;84.5150;1.3511;0.3160;0.0390;13.3160;0.2770;0.2770;-0.0750;6;F-LOWER SHOREFACE
F-14;3016.75;33.9640;0.2140;2.1420;2.8900;87.3320;1.3270;0.2480;0.0360;82.2990;0.2905;0.2905;-0.0760;6;F-LOWER SHOREFACE
F-14;3017.00;29.8840;0.2270;2.1180;2.9800;90.1500;1.3016;0.2190;0.0350;164.8380;0.3039;0.3039;-0.0770;6;F-LOWER SHOREFACE
F-14;3017.25;30.0890;0.2290;2.1180;2.9340;90.4340;1.3323;0.2180;0.0350;199.9210;0.3042;0.3042;-0.0750;6;F-LOWER SHOREFACE
F-14;3017.50;30.2940;0.2320;2.1170;2.8880;90.7190;1.3610;0.2240;0.0320;202.4520;0.3045;0.3045;-0.0730;6;F-LOWER SHOREFACE
F-14;3017.75;34.8070;0.2260;2.1850;2.9540;90.5050;1.2689;0.2260;0.0310;167.4390;0.2657;0.2657;-0.0400;6;F-LOWER SHOREFACE
F-14;3018.00;39.3210;0.2200;2.2530;3.0200;90.2920;1.1520;0.2570;0.0320;54.8220;0.2269;0.2269;-0.0070;6;F-LOWER SHOREFACE
F-14;3018.25;47.0650;0.2070;2.3340;3.4470;90.2530;1.1852;0.3100;0.0260;10.1530;0.1807;0.1807;0.0260;6;F-LOWER SHOREFACE
F-14;3018.50;54.8090;0.1930;2.4150;3.8750;90.2140;1.2161;0.3960;0.0190;0.2600;0.1345;0.1345;0.0590;6;F-LOWER SHOREFACE
F-14;3018.75;55.9640;0.1940;2.4300;3.6830;87.3760;1.1576;0.4370;0.0400;0.2900;0.1258;0.1258;0.0690;6;F-LOWER SHOREFACE
F-14;3019.00;57.1190;0.1950;2.4450;3.4920;84.5390;1.0899;0.4380;0.0480;0.2940;0.1170;0.1170;0.0780;6;F-LOWER SHOREFACE
F-14;3019.25;57.4180;0.1990;2.4310;3.6060;83.5050;1.0333;0.4580;0.0340;0.0600;0.1250;0.1250;0.0740;6;F-LOWER SHOREFACE
F-14;3019.50;57.7170;0.2020;2.4170;3.7210;82.4720;0.9682;0.4730;0.0330;0.0420;0.1330;0.1330;0.0690;6;F-LOWER SHOREFACE
F-14;3019.75;63.7690;0.2000;2.4170;3.5100;82.1490;0.9243;0.4700;0.0390;0.0730;0.1334;0.1334;0.0670;6;F-LOWER SHOREFACE
F-14;3020.00;69.8220;0.1980;2.4160;3.3000;81.8250;0.8755;0.5110;0.0450;0.0320;0.1338;0.1338;0.0640;6;F-LOWER SHOREFACE
F-14;3020.25;68.8030;0.2050;2.4450;3.5040;79.7160;0.8629;0.5750;0.0720;0.0050;0.1171;0.1171;0.0880;6;F-LOWER SHOREFACE
F-14;3020.50;67.7840;0.2120;2.4740;3.7070;77.6070;0.8499;0.5580;0.0740;0.0060;0.1004;0.1004;0.1110;6;F-LOWER SHOREFACE
F-14;3020.75;63.7890;0.2070;2.4270;3.9990;81.3970;0.8973;0.5410;0.0710;0.0080;0.1275;0.1275;0.0790;6;F-LOWER SHOREFACE
F-14;3021.00;59.7940;0.2020;2.3800;4.2900;85.1860;0.9400;0.5170;0.0670;0.0170;0.1545;0.1545;0.0470;6;F-LOWER SHOREFACE
F-14;3021.25;50.6960;0.2040;2.2660;3.6030;84.8890;1.0196;0.4430;0.0740;0.7420;0.2193;0.2193;-0.0160;6;F-LOWER SHOREFACE
F-14;3021.50;41.5990;0.2050;2.1530;2.9160;84.5910;1.0867;0.3520;0.0390;6.4230;0.2841;0.2841;-0.0790;6;F-LOWER SHOREFACE
F-14;3021.75;38.1670;0.2190;2.1400;2.8120;85.2590;1.1074;0.3100;0.0200;24.2020;0.2913;0.2913;-0.0730;6;F-LOWER SHOREFACE
F-14;3022.00;34.7360;0.2320;2.1280;2.7070;85.9270;1.1272;0.2740;0.0050;53.2400;0.2985;0.2985;-0.0670;6;F-LOWER SHOREFACE
F-14;3022.25;33.5130;0.2150;2.1460;2.7370;85.0150;1.1359;0.2520;0.0160;94.7160;0.2879;0.2879;-0.0730;6;F-LOWER SHOREFACE
F-14;3022.50;32.2900;0.1990;2.1650;2.7680;84.1030;1.1445;0.2330;0.0270;106.1280;0.2774;0.2774;-0.0790;6;F-LOWER SHOREFACE
F-14;3022.75;35.9400;0.2000;2.1850;2.7300;84.7520;1.1328;0.2440;0.0280;71.4140;0.2658;0.2658;-0.0660;6;F-LOWER SHOREFACE
F-14;3023.00;39.5890;0.2000;2.2050;2.6920;85.4010;1.1207;0.2800;0.0300;29.4880;0.2541;0.2541;-0.0540;6;F-LOWER SHOREFACE
F-14;3023.25;44.6190;0.1980;2.2860;3.1310;82.3340;1.0890;0.3110;0.0340;13.3690;0.2082;0.2082;-0.0100;6;F-LOWER SHOREFACE
F-14;3023.50;49.6490;0.1950;2.3660;3.5700;79.2680;1.0548;0.3480;0.0270;3.3810;0.1623;0.1623;0.0330;6;F-LOWER SHOREFACE
F-14;3023.75;56.1380;0.1880;2.4290;4.0860;78.2380;1.0105;0.4310;0.0470;0.5360;0.1264;0.1264;0.0610;6;F-LOWER SHOREFACE
F-14;3024.00;62.6280;0.1810;2.4920;4.6020;77.2080;0.9612;0.5000;0.0590;0.0210;0.0905;0.0905;0.0900;6;F-LOWER SHOREFACE
F-14;3024.25;58.0460;0.1910;2.3970;4.0930;73.1870;0.9680;0.4940;0.0490;0.0200;0.1447;0.1447;0.0460;6;F-LOWER SHOREFACE
F-14;3024.50;53.4630;0.2010;2.3020;3.5840;69.1660;0.9747;0.4620;0.0690;0.1700;0.1989;0.1989;0.0020;6;F-LOWER SHOREFACE
F-14;3024.75;45.5860;0.2120;2.2290;3.3610;68.6520;1.0061;0.3970;0.0580;2.1840;0.2403;0.2403;-0.0280;6;F-LOWER SHOREFACE
F-14;3025.00;37.7090;0.2230;2.1570;3.1370;68.1370;1.0354;0.3200;0.0360;13.2940;0.2818;0.2818;-0.0580;6;F-LOWER SHOREFACE
F-14;3025.25;34.5170;0.2200;2.1590;3.0800;77.3380;1.0639;0.2710;0.0260;58.3670;0.2807;0.2807;-0.0600;6;F-LOWER SHOREFACE
F-14;3025.50;31.3250;0.2170;2.1610;3.0220;86.5380;1.0905;0.2270;0.0260;125.5650;0.2795;0.2795;-0.0630;6;F-LOWER SHOREFACE
F-14;3025.75;31.2060;0.2190;2.1560;3.0530;88.0790;1.0724;0.2300;0.0240;113.6360;0.2821;0.2821;-0.0630;6;F-LOWER SHOREFACE
F-14;3026.00;31.0870;0.2220;2.1520;3.0840;89.6190;1.0535;0.2360;0.0270;100.5920;0.2847;0.2847;-0.0630;6;F-LOWER SHOREFACE
F-14;3026.25;30.3870;0.2260;2.2010;3.0060;90.7100;1.0715;0.2230;0.0340;139.3100;0.2566;0.2566;-0.0310;6;F-LOWER SHOREFACE
F-14;3026.50;29.6870;0.2290;2.2500;2.9280;91.8000;1.0889;0.2190;0.0310;140.9120;0.2286;0.2286;0.0010;6;F-LOWER SHOREFACE
F-14;3026.75;36.2910;0.2260;2.3040;3.3260;89.3920;1.0756;0.2300;0.0240;61.6490;0.1977;0.1977;0.0280;6;F-LOWER SHOREFACE
F-14;3027.00;42.8950;0.2220;2.3580;3.7240;86.9840;1.0620;0.2770;0.0090;7.9380;0.1667;0.1667;0.0550;6;F-LOWER SHOREFACE
F-14;3027.25;51.3330;0.2200;2.4140;3.7360;84.0670;1.0032;0.3650;0.0350;2.2980;0.1349;0.1349;0.0850;6;F-LOWER SHOREFACE
F-14;3027.50;59.7710;0.2190;2.4700;3.7490;81.1490;0.9351;0.4280;0.0330;0.1410;0.1031;0.1031;0.1160;6;F-LOWER SHOREFACE
F-14;3027.75;63.0650;0.2220;2.4700;3.7800;82.6880;0.8833;0.4970;0.0440;0.0230;0.1031;0.1031;0.1190;6;F-LOWER SHOREFACE
F-14;3028.00;66.3600;0.2250;2.4690;3.8120;84.2280;0.8245;0.5410;0.0670;0.0080;0.1032;0.1032;0.1220;6;F-LOWER SHOREFACE
F-14;3028.25;68.6010;0.2370;2.4930;4.1280;83.7640;0.7594;0.5300;0.0800;0.0120;0.0899;0.0899;0.1470;6;F-LOWER SHOREFACE
F-14;3028.50;70.8430;0.2490;2.5160;4.4430;83.3000;0.6829;0.5420;0.0680;0.0060;0.0766;0.0766;0.1720;6;F-LOWER SHOREFACE
F-14;3028.75;75.6470;0.2540;2.5280;4.4600;82.6680;0.7080;0.5820;0.0690;0.0020;0.0695;0.0695;0.1850;6;F-LOWER SHOREFACE
F-14;3029.00;80.4510;0.2590;2.5410;4.4770;82.0360;0.7318;0.6250;0.0670;0.0010;0.0625;0.0625;0.1970;6;F-LOWER SHOREFACE
F-14;3029.25;85.8150;0.2750;2.5460;4.4160;79.3450;0.7042;0.7080;0.0570;0.0010;0.0595;0.0595;0.2160;6;F-LOWER SHOREFACE
F-14;3029.50;91.1800;0.2920;2.5510;4.3550;76.6550;0.6749;0.7470;0.0630;0.0010;0.0566;0.0566;0.2350;6;F-LOWER SHOREFACE
F-14;3029.75;83.9450;0.2680;2.5400;4.8590;77.9040;0.7604;0.7480;0.0500;0.0010;0.0627;0.0627;0.2050;6;F-LOWER SHOREFACE
F-14;3030.00;76.7090;0.2440;2.5290;5.3640;79.1540;0.8319;0.6890;0.0430;0.0010;0.0689;0.0689;0.1750;6;F-LOWER SHOREFACE
F-14;3030.25;61.7620;0.2370;2.3660;4.1080;82.1990;1.8597;0.5800;0.0740;0.0110;0.1621;0.1621;0.0750;6;F-LOWER SHOREFACE
F-14;3030.50;46.8150;0.2310;2.2030;2.8530;85.2440;2.1399;0.4580;0.0530;0.4510;0.2553;0.2553;-0.0240;1;F-TIDAL BAR
F-14;3030.75;34.2560;0.2170;2.1880;2.7500;85.4860;2.2279;0.2940;0.0250;67.4230;0.2642;0.2642;-0.0470;1;F-TIDAL BAR
F-14;3031.00;21.6960;0.2030;2.1720;2.6470;85.7280;2.3010;0.1790;0.0050;314.7590;0.2731;0.2731;-0.0700;1;F-TIDAL BAR
F-14;3031.25;19.7990;0.2000;2.1990;2.8180;88.8260;2.3010;0.1390;0.0040;528.9450;0.2577;0.2577;-0.0580;1;F-TIDAL BAR
F-14;3031.50;17.9020;0.1960;2.2260;2.9900;91.9240;2.3010;0.1240;0.0040;564.6070;0.2422;0.2422;-0.0460;1;F-TIDAL BAR
F-14;3031.75;17.9580;0.1910;2.2480;3.3010;87.5590;2.3010;0.1090;0.0040;710.7150;0.2298;0.2298;-0.0390;1;F-TIDAL BAR
F-14;3032.00;18.0130;0.1870;2.2690;3.6120;83.1930;2.3010;0.1070;0.0040;609.2530;0.2175;0.2175;-0.0310;1;F-TIDAL BAR
F-14;3032.25;18.4100;0.1900;2.2820;3.7860;83.0270;2.1222;0.1120;0.0100;486.9820;0.2101;0.2101;-0.0200;1;F-TIDAL BAR
F-14;3032.50;18.8070;0.1930;2.2950;3.9610;82.8600;1.8127;0.1160;0.0160;411.6560;0.2027;0.2027;-0.0090;1;F-TIDAL BAR
F-14;3032.75;20.4460;0.1850;2.2820;3.6560;83.2490;1.7252;0.1310;0.0220;263.6980;0.2105;0.2105;-0.0260;1;F-TIDAL BAR
F-14;3033.00;22.0850;0.1770;2.2680;3.3510;83.6390;1.6154;0.1370;0.0240;283.5380;0.2182;0.2182;-0.0420;1;F-TIDAL BAR
F-14;3033.25;20.5970;0.1800;2.2380;3.0780;83.8500;1.6805;0.1450;0.0230;270.8670;0.2353;0.2353;-0.0550;1;F-TIDAL BAR
F-14;3033.50;19.1080;0.1840;2.2080;2.8040;84.0610;1.7371;0.1400;0.0240;427.6100;0.2525;0.2525;-0.0690;1;F-TIDAL BAR
F-14;3033.75;19.6570;0.1900;2.2550;3.1140;85.2030;1.8046;0.1190;0.0100;626.9350;0.2258;0.2258;-0.0350;1;F-TIDAL BAR
F-14;3034.00;20.2070;0.1970;2.3020;3.4230;86.3450;1.8631;0.1220;0.0040;454.0920;0.1991;0.1991;-0.0020;1;F-TIDAL BAR
F-14;3034.25;19.1160;0.1940;2.2680;3.0770;83.3940;1.7396;0.1340;0.0090;277.4570;0.2186;0.2186;-0.0250;1;F-TIDAL BAR
F-14;3034.50;18.0260;0.1910;2.2330;2.7310;80.4440;1.5663;0.1210;0.0240;526.4770;0.2381;0.2381;-0.0470;1;F-TIDAL BAR
F-14;3034.75;19.9930;0.1810;2.2450;2.8150;77.3990;1.4533;0.1170;0.0200;570.2890;0.2315;0.2315;-0.0510;1;F-TIDAL BAR
F-14;3035.00;21.9600;0.1710;2.2560;2.9000;74.3540;1.3001;0.1260;0.0300;455.1500;0.2251;0.2251;-0.0540;1;F-TIDAL BAR
F-14;3035.25;27.2860;0.1720;2.2930;3.1010;74.6410;1.2797;0.1620;0.0190;186.4210;0.2039;0.2039;-0.0320;1;F-TIDAL BAR
F-14;3035.50;32.6120;0.1720;2.3300;3.3030;74.9290;1.2583;0.2090;0.0040;61.0010;0.1827;0.1827;-0.0100;1;F-TIDAL BAR
F-14;3035.75;38.2740;0.1810;2.3520;3.9360;76.0700;1.1517;0.2530;0.0370;17.3770;0.1702;0.1702;0.0110;1;F-TIDAL BAR
F-14;3036.00;43.9360;0.1900;2.3740;4.5700;77.2110;1.0102;0.3150;0.0750;2.9360;0.1578;0.1578;0.0320;1;F-TIDAL BAR
F-14;3036.25;45.2390;0.1920;2.3140;4.1080;76.3120;1.1406;0.3250;0.0400;5.2450;0.1921;0.1921;0.0000;2;F-TIDAL FLAT MUDDY
F-14;3036.50;46.5410;0.1950;2.2540;3.6470;75.4140;1.2408;0.3310;0.0440;6.7820;0.2264;0.2264;-0.0310;2;F-TIDAL FLAT MUDDY
F-14;3036.75;46.6880;0.1940;2.2860;3.5840;75.4850;1.1883;0.3620;0.0760;3.1570;0.2080;0.2080;-0.0140;2;F-TIDAL FLAT MUDDY
F-14;3037.00;46.8340;0.1930;2.3180;3.5200;75.5570;1.1286;0.3590;0.0410;2.6350;0.1895;0.1895;0.0040;2;F-TIDAL FLAT MUDDY
F-14;3037.25;49.4270;0.1870;2.4120;3.7860;74.2900;1.0783;0.3740;0.0370;1.8060;0.1363;0.1363;0.0500;2;F-TIDAL FLAT MUDDY
F-14;3037.50;52.0200;0.1800;2.5050;4.0520;73.0240;1.0214;0.3990;0.0570;0.6660;0.0831;0.0831;0.0970;2;F-TIDAL FLAT MUDDY
F-14;3037.75;53.9430;0.1920;2.5630;4.6820;74.0960;1.2361;0.4140;0.0310;0.0580;0.0495;0.0495;0.1430;2;F-TIDAL FLAT MUDDY
F-14;3038.00;55.8670;0.2040;2.6220;5.3130;75.1690;1.3791;0.4240;0.0130;0.0160;0.0158;0.0158;0.1880;2;F-TIDAL FLAT MUDDY
F-14;3038.25;58.6500;0.2000;2.5760;5.2190;73.1740;1.5394;0.4560;0.0160;0.0130;0.0423;0.0423;0.1580;2;F-TIDAL FLAT MUDDY
F-14;3038.50;61.4330;0.1960;2.5300;5.1250;71.1790;1.6563;0.4910;0.0120;0.0090;0.0687;0.0687;0.1270;2;F-TIDAL FLAT MUDDY
F-14;3038.75;65.6080;0.2020;2.4830;4.2230;73.4740;1.4670;0.5070;0.0330;0.0120;0.0953;0.0953;0.1070;2;F-TIDAL FLAT MUDDY
F-14;3039.00;69.7820;0.2090;2.4370;3.3210;75.7700;1.1238;0.5410;0.0590;0.0130;0.1219;0.1219;0.0870;2;F-TIDAL FLAT MUDDY
F-14;3039.25;70.5520;0.2140;2.4210;3.4690;76.2440;1.0129;0.5610;0.0510;0.0090;0.1309;0.1309;0.0830;2;F-TIDAL FLAT MUDDY
F-14;3039.50;71.3220;0.2190;2.4050;3.6170;76.7190;0.8637;0.5680;0.0640;0.0090;0.1398;0.1398;0.0800;2;F-TIDAL FLAT MUDDY
F-14;3039.75;70.5270;0.2030;2.4950;3.7410;79.6400;0.8392;0.5930;0.0720;0.0060;0.0885;0.0885;0.1140;2;F-TIDAL FLAT MUDDY
F-14;3040.00;69.7320;0.1860;2.5850;3.8650;82.5610;0.8134;0.5960;0.0690;0.0020;0.0371;0.0371;0.1490;7;F-OFFSHORE
F-14;3040.25;68.8190;0.1890;2.6020;4.3590;80.3270;0.8211;0.5550;0.0240;0.0020;0.0275;0.0275;0.1610;7;F-OFFSHORE
F-14;3040.50;67.9060;0.1920;2.6190;4.8520;78.0930;0.8286;0.5450;0.0120;0.0020;0.0180;0.0180;0.1740;7;F-OFFSHORE
F-14;3040.75;67.1860;0.1930;2.5780;4.3830;79.5040;0.8557;0.5470;0.0210;0.0020;0.0410;0.0410;0.1520;7;F-OFFSHORE
F-14;3041.00;66.4670;0.1940;2.5380;3.9140;80.9150;0.8812;0.5450;0.0430;0.0030;0.0639;0.0639;0.1300;7;F-OFFSHORE
F-14;3041.25;62.4740;0.1990;2.4890;3.9980;81.0240;1.0403;0.5230;0.0590;0.0090;0.0923;0.0923;0.1060;7;F-OFFSHORE
F-14;3041.50;58.4810;0.2040;2.4390;4.0830;81.1330;1.1565;0.4650;0.0590;0.0600;0.1207;0.1207;0.0830;7;F-OFFSHORE
F-14;3041.75;50.5870;0.2220;2.3300;3.6210;81.4250;1.3003;0.4140;0.0570;0.3530;0.1829;0.1829;0.0390;7;F-OFFSHORE
F-14;3042.00;42.6930;0.2390;2.2210;3.1600;81.7170;1.4081;0.3640;0.0440;3.7340;0.2451;0.2451;-0.0060;1;F-TIDAL BAR
F-14;3042.25;40.5020;0.2360;2.1790;2.9960;86.7450;2.0523;0.3140;0.0450;20.9780;0.2694;0.2694;-0.0330;1;F-TIDAL BAR
F-14;3042.50;38.3100;0.2330;2.1360;2.8320;91.7730;2.3010;0.2860;0.0150;45.4240;0.2937;0.2937;-0.0600;1;F-TIDAL BAR
F-14;3042.75;37.7070;0.2300;2.1360;2.8290;89.9780;2.3010;0.2870;0.0050;45.4660;0.2937;0.2937;-0.0640;1;F-TIDAL BAR
F-14;3043.00;37.1050;0.2270;2.1360;2.8250;88.1820;2.3010;0.2820;0.0050;51.8380;0.2936;0.2936;-0.0670;1;F-TIDAL BAR
F-14;3043.25;37.0940;0.2250;2.1420;3.0360;89.1990;2.3010;0.2840;0.0050;46.4550;0.2905;0.2905;-0.0660;1;F-TIDAL BAR
F-14;3043.50;37.0830;0.2230;2.1470;3.2460;90.2160;2.3010;0.2890;0.0050;38.7110;0.2873;0.2873;-0.0640;1;F-TIDAL BAR
F-14;3043.75;32.3320;0.2170;2.1420;3.1450;86.0050;2.3010;0.2640;0.0050;70.8550;0.2904;0.2904;-0.0740;1;F-TIDAL BAR
F-14;3044.00;27.5810;0.2100;2.1360;3.0430;81.7950;2.3010;0.2120;0.0050;185.3430;0.2935;0.2935;-0.0830;1;F-TIDAL BAR
F-14;3044.25;29.8190;0.2100;2.1410;2.9390;83.0050;2.3010;0.2040;0.0050;208.6860;0.2910;0.2910;-0.0810;1;F-TIDAL BAR
F-14;3044.50;32.0570;0.2100;2.1450;2.8350;84.2140;2.3010;0.2310;0.0050;118.0610;0.2885;0.2885;-0.0790;1;F-TIDAL BAR
F-14;3044.75;32.6540;0.2160;2.1420;2.8610;88.0880;2.0622;0.2320;0.0050;113.3140;0.2906;0.2906;-0.0750;1;F-TIDAL BAR
F-14;3045.00;33.2510;0.2210;2.1380;2.8870;91.9620;1.4883;0.2420;0.0080;91.4090;0.2927;0.2927;-0.0710;1;F-TIDAL BAR
F-14;3045.25;35.3960;0.2220;2.1420;2.8140;91.5900;1.3903;0.2470;0.0290;93.9940;0.2902;0.2902;-0.0690;1;F-TIDAL BAR
F-14;3045.50;37.5410;0.2220;2.1460;2.7400;91.2180;1.2636;0.2560;0.0330;79.6640;0.2878;0.2878;-0.0660;1;F-TIDAL BAR
F-14;3045.75;37.5840;0.2180;2.1730;2.8790;87.8530;1.2678;0.2920;0.0360;36.9520;0.2723;0.2723;-0.0550;1;F-TIDAL BAR
F-14;3046.00;37.6280;0.2140;2.2000;3.0190;84.4870;1.2719;0.3100;0.0390;21.4260;0.2569;0.2569;-0.0430;1;F-TIDAL BAR
F-14;3046.25;31.5840;0.1950;2.2760;3.3900;82.0230;1.2924;0.2730;0.0400;27.3800;0.2135;0.2135;-0.0190;3;F-TIDAL CHANNEL
F-14;3046.50;25.5390;0.1760;2.3520;3.7620;79.5580;1.3120;0.2210;0.0460;35.3000;0.1701;0.1701;0.0050;3;F-TIDAL CHANNEL
F-14;3046.75;22.2940;0.1770;2.3620;3.8970;80.4830;1.3659;0.1450;0.0330;163.4600;0.1645;0.1645;0.0130;3;F-TIDAL CHANNEL
F-14;3047.00;19.0490;0.1790;2.3720;4.0320;81.4070;1.4138;0.1090;0.0290;273.4980;0.1590;0.1590;0.0200;3;F-TIDAL CHANNEL
F-14;3047.25;18.8060;0.1800;2.3690;4.0820;83.2110;1.4779;0.1260;0.0260;193.7090;0.1607;0.1607;0.0190;3;F-TIDAL CHANNEL
F-14;3047.50;18.5630;0.1800;2.3660;4.1320;85.0150;1.5337;0.1310;0.0250;165.8020;0.1625;0.1625;0.0180;3;F-TIDAL CHANNEL
F-14;3047.75;18.0290;0.1890;2.3110;3.7810;85.1750;1.5894;0.1170;0.0240;265.5840;0.1939;0.1939;-0.0050;3;F-TIDAL CHANNEL
F-14;3048.00;17.4950;0.1970;2.2560;3.4300;85.3350;1.6387;0.1110;0.0210;439.5310;0.2254;0.2254;-0.0290;3;F-TIDAL CHANNEL
F-14;3048.25;16.5040;0.1940;2.2340;3.1900;85.8270;1.6603;0.1050;0.0280;741.9780;0.2375;0.2375;-0.0440;3;F-TIDAL CHANNEL
F-14;3048.50;15.5140;0.1910;2.2130;2.9500;86.3200;1.6808;0.0940;0.0210;1028.4560;0.2497;0.2497;-0.0590;3;F-TIDAL CHANNEL
F-14;3048.75;16.6150;0.1910;2.2110;2.8340;87.1240;1.6846;0.1010;0.0170;987.1030;0.2507;0.2507;-0.0600;3;F-TIDAL CHANNEL
F-14;3049.00;17.7170;0.1910;2.2100;2.7180;87.9280;1.6883;0.1120;0.0150;784.2330;0.2517;0.2517;-0.0610;3;F-TIDAL CHANNEL
F-14;3049.25;16.1810;0.1940;2.2060;2.8340;87.8780;1.6877;0.1010;0.0150;1020.9510;0.2540;0.2540;-0.0600;3;F-TIDAL CHANNEL
F-14;3049.50;14.6450;0.1980;2.2010;2.9500;87.8290;1.6870;0.0810;0.0150;1472.9510;0.2563;0.2563;-0.0580;3;F-TIDAL CHANNEL
F-14;3049.75;13.7070;0.1940;2.2020;3.1660;87.7100;1.6951;0.0830;0.0150;1562.5160;0.2560;0.2560;-0.0620;3;F-TIDAL CHANNEL
F-14;3050.00;12.7700;0.1890;2.2030;3.3820;87.5920;1.7031;0.0780;0.0150;1670.1250;0.2557;0.2557;-0.0670;3;F-TIDAL CHANNEL
F-14;3050.25;13.4420;0.1910;2.1950;3.5060;87.7270;1.6878;0.0690;0.0140;2023.7020;0.2601;0.2601;-0.0690;3;F-TIDAL CHANNEL
F-14;3050.50;14.1140;0.1930;2.1870;3.6300;87.8620;1.6718;0.0730;0.0090;1801.6710;0.2645;0.2645;-0.0710;3;F-TIDAL CHANNEL
F-14;3050.75;13.4590;0.1870;2.1680;3.4770;88.1830;1.6796;0.0810;0.0120;1858.8290;0.2753;0.2753;-0.0890;3;F-TIDAL CHANNEL
F-14;3051.00;12.8040;0.1800;2.1490;3.3240;88.5030;1.6872;0.0760;0.0130;2341.9430;0.2861;0.2861;-0.1060;3;F-TIDAL CHANNEL
F-14;3051.25;14.7960;0.1920;2.1520;3.0390;88.8800;1.6951;0.0720;0.0150;2467.1790;0.2845;0.2845;-0.0920;3;F-TIDAL CHANNEL
F-14;3051.50;16.7880;0.2050;2.1550;2.7550;89.2570;1.7030;0.0940;0.0160;1790.0580;0.2830;0.2830;-0.0780;3;F-TIDAL CHANNEL
F-14;3051.75;16.0970;0.2060;2.1580;2.7010;90.4840;1.6921;0.1020;0.0070;1490.1290;0.2811;0.2811;-0.0750;3;F-TIDAL CHANNEL
F-14;3052.00;15.4060;0.2080;2.1610;2.6470;91.7110;1.6811;0.0930;0.0110;1559.0690;0.2793;0.2793;-0.0720;3;F-TIDAL CHANNEL
F-14;3052.25;16.3750;0.2020;2.1510;2.6640;91.9930;1.6841;0.0890;0.0130;1982.7510;0.2853;0.2853;-0.0830;3;F-TIDAL CHANNEL
F-14;3052.50;17.3430;0.1960;2.1400;2.6810;92.2760;1.6871;0.0880;0.0150;2075.3840;0.2912;0.2912;-0.0950;3;F-TIDAL CHANNEL
F-14;3052.75;15.7330;0.1940;2.1520;2.8030;91.4640;1.6676;0.1020;0.0160;1603.4090;0.2844;0.2844;-0.0910;3;F-TIDAL CHANNEL
F-14;3053.00;14.1220;0.1920;2.1640;2.9250;90.6520;1.6472;0.0900;0.0170;1813.7350;0.2775;0.2775;-0.0860;3;F-TIDAL CHANNEL
F-14;3053.25;16.0710;0.1910;2.1730;2.7250;89.0560;1.6256;0.0890;0.0180;1680.1730;0.2729;0.2729;-0.0820;3;F-TIDAL CHANNEL
F-14;3053.50;18.0200;0.1890;2.1810;2.5250;87.4590;1.6029;0.1130;0.0200;954.2640;0.2682;0.2682;-0.0790;3;F-TIDAL CHANNEL
F-14;3053.75;17.1520;0.1840;2.2330;3.1640;86.8570;1.5795;0.1130;0.0210;854.2760;0.2383;0.2383;-0.0540;3;F-TIDAL CHANNEL
F-14;3054.00;16.2840;0.1790;2.2850;3.8030;86.2550;1.5547;0.1070;0.0230;666.5070;0.2083;0.2083;-0.0300;3;F-TIDAL CHANNEL
F-14;3054.25;16.2470;0.1800;2.3060;4.1610;87.3340;1.5022;0.0930;0.0240;691.9120;0.1964;0.1964;-0.0160;3;F-TIDAL CHANNEL
F-14;3054.50;16.2090;0.1820;2.3270;4.5200;88.4120;1.4425;0.0860;0.0250;716.2540;0.1844;0.1844;-0.0020;3;F-TIDAL CHANNEL
F-14;3054.75;25.6100;0.1870;2.3590;4.8510;89.2280;1.3947;0.1150;0.0310;345.2770;0.1666;0.1666;0.0200;3;F-TIDAL CHANNEL
F-14;3055.00;35.0100;0.1920;2.3900;5.1820;90.0440;1.3410;0.1930;0.0340;38.5370;0.1487;0.1487;0.0430;4;F-MOUTHBAR
F-14;3055.25;37.4870;0.1780;2.3790;4.3760;86.6950;1.3194;0.2910;0.0390;7.1320;0.1549;0.1549;0.0230;4;F-MOUTHBAR
F-14;3055.50;39.9640;0.1640;2.3680;3.5700;83.3450;1.2967;0.3300;0.0680;2.4760;0.1610;0.1610;0.0030;4;F-MOUTHBAR
F-14;3055.75;40.4560;0.1640;2.3630;3.4000;84.2770;1.2831;0.2960;0.0650;4.9520;0.1639;0.1639;0.0000;4;F-MOUTHBAR
F-14;3056.00;40.9480;0.1630;2.3580;3.2290;85.2090;1.2691;0.3090;0.0570;3.8470;0.1667;0.1667;-0.0030;4;F-MOUTHBAR
F-14;3056.25;40.6850;0.1790;2.3190;3.0730;85.7460;1.3272;0.3160;0.0500;4.0340;0.1894;0.1894;-0.0110;4;F-MOUTHBAR
F-14;3056.50;40.4230;0.1940;2.2790;2.9170;86.2840;1.3785;0.3130;0.0430;4.8920;0.2121;0.2121;-0.0180;4;F-MOUTHBAR
F-14;3056.75;35.0680;0.2010;2.2400;2.7640;86.6380;2.0490;0.2840;0.0380;19.3100;0.2342;0.2342;-0.0330;4;F-MOUTHBAR
F-14;3057.00;29.7140;0.2080;2.2020;2.6100;86.9930;2.3010;0.2380;0.0050;64.4460;0.2563;0.2563;-0.0480;4;F-MOUTHBAR
F-14;3057.25;29.8940;0.2070;2.2060;2.5650;86.7550;2.3010;0.2210;0.0050;98.5230;0.2539;0.2539;-0.0470;4;F-MOUTHBAR
F-14;3057.50;30.0730;0.2050;2.2100;2.5210;86.5180;2.3010;0.2210;0.0040;87.0810;0.2516;0.2516;-0.0470;4;F-MOUTHBAR
F-14;3057.75;29.9700;0.1960;2.2140;2.5620;86.1520;2.2008;0.2240;0.0040;78.3870;0.2491;0.2491;-0.0530;4;F-MOUTHBAR
F-14;3058.00;29.8670;0.1870;2.2180;2.6030;85.7870;2.0703;0.2270;0.0040;64.8770;0.2467;0.2467;-0.0600;4;F-MOUTHBAR
F-14;3058.25;29.2110;0.1910;2.2290;2.8550;85.3800;1.9582;0.2130;0.0040;92.2840;0.2406;0.2406;-0.0500;4;F-MOUTHBAR
F-14;3058.50;28.5550;0.1950;2.2400;3.1060;84.9740;1.8067;0.2080;0.0040;103.8060;0.2344;0.2344;-0.0390;4;F-MOUTHBAR
F-14;3058.75;29.6020;0.1960;2.2410;3.3670;83.9880;1.7417;0.2120;0.0040;80.1500;0.2337;0.2337;-0.0380;4;F-MOUTHBAR
F-14;3059.00;30.6490;0.1970;2.2420;3.6280;83.0030;1.6651;0.2220;0.0040;57.9410;0.2330;0.2330;-0.0360;4;F-MOUTHBAR
F-14;3059.25;30.0040;0.1970;2.2240;3.9180;81.9130;1.6466;0.2050;0.0040;106.2470;0.2436;0.2436;-0.0470;4;F-MOUTHBAR
F-14;3059.50;29.3580;0.1970;2.2050;4.2070;80.8230;1.6273;0.1920;0.0040;146.2910;0.2542;0.2542;-0.0570;4;F-MOUTHBAR
F-14;3059.75;30.1400;0.1940;2.2010;4.7310;83.1140;1.6994;0.2190;0.0040;95.7420;0.2564;0.2564;-0.0630;4;F-MOUTHBAR
F-14;3060.00;30.9220;0.1900;2.1980;5.2550;85.4050;1.7612;0.2270;0.0050;88.0010;0.2586;0.2586;-0.0680;4;F-MOUTHBAR
F-14;3060.25;30.6690;0.1840;2.2080;4.7490;85.6890;1.7347;0.2230;0.0040;84.9700;0.2525;0.2525;-0.0680;4;F-MOUTHBAR
F-14;3060.50;30.4170;0.1780;2.2190;4.2430;85.9740;1.7065;0.2170;0.0040;90.3220;0.2464;0.2464;-0.0680;4;F-MOUTHBAR
F-14;3060.75;29.5160;0.1890;2.2090;4.4510;87.2700;1.7665;0.2240;0.0040;66.1780;0.2521;0.2521;-0.0630;4;F-MOUTHBAR
F-14;3061.00;28.6140;0.2000;2.1990;4.6600;88.5660;1.8193;0.2260;0.0040;72.1650;0.2578;0.2578;-0.0580;4;F-MOUTHBAR
F-14;3061.25;26.3440;0.1960;2.2070;4.3190;87.9430;1.7075;0.1760;0.0040;245.6420;0.2533;0.2533;-0.0570;4;F-MOUTHBAR
F-14;3061.50;24.0740;0.1930;2.2150;3.9790;87.3200;1.5567;0.1700;0.0040;274.8800;0.2488;0.2488;-0.0560;4;F-MOUTHBAR
F-14;3061.75;22.5770;0.1890;2.2270;3.9780;86.5570;1.4985;0.1620;0.0040;249.5710;0.2417;0.2417;-0.0530;4;F-MOUTHBAR
F-14;3062.00;21.0810;0.1850;2.2390;3.9770;85.7940;1.4313;0.1460;0.0040;307.3790;0.2346;0.2346;-0.0500;4;F-MOUTHBAR
F-14;3062.25;22.4350;0.1860;2.2440;3.6890;85.3470;1.4040;0.1400;0.0060;383.8020;0.2323;0.2323;-0.0460;4;F-MOUTHBAR
F-14;3062.50;23.7900;0.1880;2.2480;3.4010;84.9000;1.3748;0.1570;0.0080;256.1730;0.2299;0.2299;-0.0420;4;F-MOUTHBAR
F-14;3062.75;24.4010;0.1840;2.2810;3.1000;82.6190;1.3754;0.1630;0.0090;192.0910;0.2107;0.2107;-0.0270;4;F-MOUTHBAR
F-14;3063.00;25.0120;0.1800;2.3150;2.7990;80.3380;1.3759;0.1660;0.0040;134.6330;0.1915;0.1915;-0.0110;4;F-MOUTHBAR
F-14;3063.25;24.9270;0.1750;2.3190;3.0690;83.1070;1.3848;0.1680;0.0070;114.1800;0.1893;0.1893;-0.0140;4;F-MOUTHBAR
F-14;3063.50;24.8420;0.1700;2.3230;3.3400;85.8760;1.3935;0.1700;0.0070;120.7030;0.1871;0.1871;-0.0170;4;F-MOUTHBAR
F-14;3063.75;26.1220;0.1730;2.3740;3.9400;81.1530;1.3799;0.1770;0.0070;83.7410;0.1577;0.1577;0.0150;4;F-MOUTHBAR
F-14;3064.00;27.4030;0.1750;2.4260;4.5410;76.4290;1.3658;0.1950;0.0090;38.8980;0.1282;0.1282;0.0470;4;F-MOUTHBAR
F-14;3064.25;27.8280;0.1760;2.4070;4.1180;79.3110;1.3912;0.2000;0.0120;28.6880;0.1386;0.1386;0.0370;4;F-MOUTHBAR
F-14;3064.50;28.2540;0.1770;2.3890;3.6950;82.1930;1.4152;0.1940;0.0040;42.8170;0.1490;0.1490;0.0280;4;F-MOUTHBAR
F-14;3064.75;29.6960;0.1760;2.4040;3.4370;85.1300;1.4187;0.2240;0.0040;12.7740;0.1403;0.1403;0.0360;4;F-MOUTHBAR
F-14;3065.00;31.1390;0.1750;2.4200;3.1790;88.0670;1.4222;0.2400;0.0100;10.5260;0.1317;0.1317;0.0440;4;F-MOUTHBAR
F-14;3065.25;31.1090;0.1720;2.3930;3.2950;88.1700;1.4439;0.2220;0.0040;19.7370;0.1470;0.1470;0.0250;4;F-MOUTHBAR
F-14;3065.50;31.0790;0.1690;2.3660;3.4110;88.2730;1.4646;0.2260;0.0040;18.8230;0.1623;0.1623;0.0070;4;F-MOUTHBAR
F-14;3065.75;32.1640;0.1690;2.3990;3.3170;89.3710;1.4524;0.2360;0.0080;18.3250;0.1432;0.1432;0.0260;4;F-MOUTHBAR
F-14;3066.00;33.2480;0.1690;2.4330;3.2220;90.4680;1.4399;0.2370;0.0100;15.5520;0.1241;0.1241;0.0450;4;F-MOUTHBAR
F-14;3066.25;33.2800;0.1660;2.4400;3.5710;85.4290;1.4718;0.2420;0.0120;10.3880;0.1202;0.1202;0.0460;4;F-MOUTHBAR
F-14;3066.50;33.3110;0.1630;2.4460;3.9200;80.3900;1.5016;0.2440;0.0060;9.2850;0.1164;0.1164;0.0470;4;F-MOUTHBAR
F-14;3066.75;33.0380;0.1660;2.4590;3.7820;80.4310;1.4658;0.2470;0.0160;8.0160;0.1090;0.1090;0.0570;4;F-MOUTHBAR
F-14;3067.00;32.7650;0.1680;2.4720;3.6430;80.4720;1.4268;0.2400;0.0220;9.1290;0.1015;0.1015;0.0670;4;F-MOUTHBAR
F-14;3067.25;32.1490;0.1720;2.4640;3.7350;80.8070;1.3999;0.2400;0.0090;6.9480;0.1066;0.1066;0.0650;4;F-MOUTHBAR
F-14;3067.50;31.5320;0.1750;2.4550;3.8270;81.1430;1.3712;0.2400;0.0040;9.7730;0.1116;0.1116;0.0640;4;F-MOUTHBAR
F-14;3067.75;32.7050;0.1710;2.4480;4.0190;80.3970;1.3505;0.2300;0.0040;8.7050;0.1153;0.1153;0.0560;4;F-MOUTHBAR
F-14;3068.00;33.8770;0.1670;2.4420;4.2120;79.6520;1.3288;0.2310;0.0040;11.2520;0.1191;0.1191;0.0480;4;F-MOUTHBAR
F-14;3068.25;36.9080;0.1680;2.4460;3.9810;83.7890;1.2686;0.2770;0.0190;5.3970;0.1167;0.1167;0.0510;4;F-MOUTHBAR
F-14;3068.50;39.9400;0.1680;2.4500;3.7500;87.9250;1.1988;0.3080;0.0300;2.2010;0.1143;0.1143;0.0540;4;F-MOUTHBAR
F-14;3068.75;40.5180;0.1730;2.3860;3.6360;89.2540;1.1648;0.3030;0.0320;3.3200;0.1509;0.1509;0.0220;4;F-MOUTHBAR
F-14;3069.00;41.0970;0.1770;2.3220;3.5220;90.5840;1.1280;0.3110;0.0380;3.9870;0.1874;0.1874;-0.0110;4;F-MOUTHBAR
F-14;3069.25;38.8410;0.1880;2.3180;3.4250;90.5940;1.1234;0.3110;0.0450;5.9340;0.1897;0.1897;-0.0020;4;F-MOUTHBAR
F-14;3069.50;36.5850;0.2000;2.3140;3.3280;90.6050;1.1188;0.2940;0.0430;8.4340;0.1921;0.1921;0.0070;4;F-MOUTHBAR
F-14;3069.75;34.4210;0.1860;2.3110;3.2410;90.5940;1.1804;0.2700;0.0470;14.6440;0.1938;0.1938;-0.0080;4;F-MOUTHBAR
F-14;3070.00;32.2560;0.1730;2.3080;3.1540;90.5830;1.2344;0.2370;0.0580;27.3820;0.1954;0.1954;-0.0230;4;F-MOUTHBAR
F-14;3070.25;35.1600;0.1740;2.3140;3.2580;89.0550;1.1873;0.2430;0.0600;27.2850;0.1923;0.1923;-0.0180;4;F-MOUTHBAR
F-14;3070.50;38.0630;0.1760;2.3190;3.3630;87.5270;1.1346;0.2690;0.0510;14.7230;0.1892;0.1892;-0.0130;4;F-MOUTHBAR
F-14;3070.75;39.7310;0.1930;2.2630;3.4770;88.3810;1.1939;0.2920;0.0640;8.9460;0.2211;0.2211;-0.0280;4;F-MOUTHBAR
F-14;3071.00;41.3990;0.2110;2.2070;3.5910;89.2360;1.2460;0.3100;0.0810;11.7940;0.2531;0.2531;-0.0420;4;F-MOUTHBAR
F-14;3071.25;42.9470;0.2140;2.1760;3.1390;93.2910;1.3241;0.3250;0.0420;12.9240;0.2709;0.2709;-0.0570;4;F-MOUTHBAR
F-14;3071.50;44.4950;0.2170;2.1450;2.6860;97.3470;1.3903;0.3470;0.0050;9.7350;0.2887;0.2887;-0.0720;4;F-MOUTHBAR
F-14;3071.75;44.6470;0.2180;2.1460;2.7060;97.9940;1.4141;0.3450;0.0260;11.8430;0.2879;0.2879;-0.0700;4;F-MOUTHBAR
F-14;3072.00;44.7980;0.2180;2.1470;2.7250;98.6410;1.4367;0.3460;0.0260;10.4590;0.2872;0.2872;-0.0690;4;F-MOUTHBAR
F-14;3072.25;44.8270;0.2120;2.1530;2.6800;96.8350;1.4007;0.3500;0.0300;9.7330;0.2841;0.2841;-0.0730;4;F-MOUTHBAR
F-14;3072.50;44.8560;0.2050;2.1580;2.6340;95.0300;1.3614;0.3550;0.0340;7.7530;0.2809;0.2809;-0.0760;4;F-MOUTHBAR
F-14;3072.75;43.2470;0.2090;2.1450;2.6390;93.4000;1.3654;0.3350;0.0330;12.1030;0.2885;0.2885;-0.0790;4;F-MOUTHBAR
F-14;3073.00;41.6380;0.2140;2.1320;2.6440;91.7710;1.3693;0.3200;0.0320;17.7390;0.2961;0.2961;-0.0820;4;F-MOUTHBAR
F-14;3073.25;40.0340;0.2090;2.1320;2.6050;94.5840;1.3981;0.3160;0.0320;21.3310;0.2962;0.2962;-0.0870;4;F-MOUTHBAR
F-14;3073.50;38.4310;0.2040;2.1320;2.5670;97.3970;1.4250;0.3070;0.0300;22.7040;0.2962;0.2962;-0.0920;4;F-MOUTHBAR
F-14;3073.75;40.6960;0.2120;2.1280;2.6670;94.9760;1.4333;0.2890;0.0300;37.7760;0.2985;0.2985;-0.0870;4;F-MOUTHBAR
F-14;3074.00;42.9600;0.2200;2.1240;2.7680;92.5560;1.4413;0.3160;0.0290;21.1800;0.3009;0.3009;-0.0810;4;F-MOUTHBAR
F-14;3074.25;42.2100;0.2150;2.1320;2.7410;94.1100;1.4448;0.3350;0.0280;16.1300;0.2961;0.2961;-0.0810;4;F-MOUTHBAR
F-14;3074.50;41.4600;0.2100;2.1400;2.7130;95.6640;1.4482;0.3250;0.0260;16.7670;0.2913;0.2913;-0.0810;4;F-MOUTHBAR
F-14;3074.75;41.1130;0.1980;2.1720;2.9660;95.1150;1.4895;0.3130;0.0260;19.5190;0.2729;0.2729;-0.0750;4;F-MOUTHBAR
F-14;3075.00;40.7650;0.1860;2.2040;3.2180;94.5660;1.5272;0.3030;0.0280;18.3650;0.2546;0.2546;-0.0680;4;F-MOUTHBAR
F-14;3075.25;40.5550;0.1860;2.1990;3.1350;93.6270;1.5395;0.3090;0.0280;14.8780;0.2579;0.2579;-0.0720;4;F-MOUTHBAR
F-14;3075.50;40.3450;0.1850;2.1930;3.0510;92.6870;1.5514;0.3090;0.0290;15.2730;0.2613;0.2613;-0.0760;4;F-MOUTHBAR
F-14;3075.75;39.1990;0.1880;2.1960;3.1330;92.3150;1.5513;0.3040;0.0280;16.1230;0.2593;0.2593;-0.0710;4;F-MOUTHBAR
F-14;3076.00;38.0520;0.1920;2.2000;3.2160;91.9420;1.5512;0.2870;0.0280;22.2830;0.2572;0.2572;-0.0660;4;F-MOUTHBAR
F-14;3076.25;38.9770;0.1960;2.1920;3.1780;94.6200;1.5707;0.2840;0.0260;25.7370;0.2619;0.2619;-0.0660;4;F-MOUTHBAR
F-14;3076.50;39.9020;0.2000;2.1840;3.1410;97.2980;1.5893;0.2920;0.0290;27.2600;0.2666;0.2666;-0.0670;4;F-MOUTHBAR
F-14;3076.75;39.1930;0.1960;2.2410;3.7690;93.7490;1.5841;0.3040;0.0280;15.6850;0.2335;0.2335;-0.0380;4;F-MOUTHBAR
F-14;3077.00;38.4840;0.1910;2.2990;4.3970;90.2000;1.5789;0.3040;0.0250;10.0010;0.2004;0.2004;-0.0090;4;F-MOUTHBAR
F-14;3077.25;39.1310;0.2000;2.2220;3.6830;94.1170;1.5861;0.3020;0.0320;15.6460;0.2443;0.2443;-0.0440;4;F-MOUTHBAR
F-14;3077.50;39.7780;0.2090;2.1450;2.9680;98.0340;1.5932;0.3140;0.0290;19.4210;0.2883;0.2883;-0.0800;4;F-MOUTHBAR
F-14;3077.75;39.5920;0.2020;2.1860;3.3210;95.2990;1.5788;0.2950;0.0300;29.2940;0.2653;0.2653;-0.0630;4;F-MOUTHBAR
F-14;3078.00;39.4070;0.1960;2.2260;3.6730;92.5640;1.5638;0.2900;0.0270;27.4280;0.2422;0.2422;-0.0460;4;F-MOUTHBAR
F-14;3078.25;39.8570;0.2040;2.2100;3.6430;91.4980;1.5651;0.3000;0.0280;13.5870;0.2514;0.2514;-0.0480;4;F-MOUTHBAR
F-14;3078.50;40.3080;0.2110;2.1940;3.6120;90.4320;1.5664;0.2980;0.0310;16.8150;0.2605;0.2605;-0.0500;4;F-MOUTHBAR
F-14;3078.75;38.9890;0.2120;2.1670;3.3020;91.8550;1.5372;0.3070;0.0300;18.5310;0.2758;0.2758;-0.0630;4;F-MOUTHBAR
F-14;3079.00;37.6710;0.2140;2.1410;2.9920;93.2780;1.5058;0.2910;0.0280;36.1130;0.2911;0.2911;-0.0770;4;F-MOUTHBAR
F-14;3079.25;40.6640;0.2120;2.1360;2.9210;96.2720;1.5070;0.2920;0.0300;34.3460;0.2937;0.2937;-0.0820;4;F-MOUTHBAR
F-14;3079.50;43.6570;0.2100;2.1310;2.8500;99.2660;1.5082;0.3160;0.0300;22.0180;0.2963;0.2963;-0.0860;4;F-MOUTHBAR
F-14;3079.75;44.0140;0.2190;2.1350;2.8650;98.3760;1.5182;0.3370;0.0310;14.2020;0.2946;0.2946;-0.0760;4;F-MOUTHBAR
F-14;3080.00;44.3700;0.2270;2.1380;2.8810;97.4860;1.5281;0.3490;0.0310;11.1520;0.2928;0.2928;-0.0660;4;F-MOUTHBAR
F-14;3080.25;42.5280;0.2230;2.1500;2.8300;94.3820;1.5118;0.3370;0.0300;14.3140;0.2857;0.2857;-0.0630;4;F-MOUTHBAR
F-14;3080.50;40.6870;0.2190;2.1630;2.7780;91.2780;1.4950;0.3130;0.0310;19.3950;0.2785;0.2785;-0.0590;4;F-MOUTHBAR
F-14;3080.75;39.0420;0.2110;2.1830;2.9020;93.5280;1.4828;0.3120;0.0300;15.5200;0.2670;0.2670;-0.0560;4;F-MOUTHBAR
F-14;3081.00;37.3970;0.2020;2.2030;3.0250;95.7770;1.4704;0.3000;0.0380;17.3000;0.2555;0.2555;-0.0540;4;F-MOUTHBAR
F-14;3081.25;36.9150;0.2040;2.1800;2.9610;95.8000;1.4708;0.2830;0.0250;27.7840;0.2687;0.2687;-0.0640;4;F-MOUTHBAR
F-14;3081.50;36.4330;0.2070;2.1570;2.8960;95.8230;1.4712;0.2790;0.0250;34.5070;0.2820;0.2820;-0.0750;4;F-MOUTHBAR
F-14;3081.75;37.8960;0.2080;2.1590;2.9770;94.8250;1.4610;0.2730;0.0250;47.2000;0.2809;0.2809;-0.0730;4;F-MOUTHBAR
F-14;3082.00;39.3590;0.2090;2.1610;3.0570;93.8260;1.4507;0.2860;0.0230;39.9250;0.2797;0.2797;-0.0700;4;F-MOUTHBAR
F-14;3082.25;38.5520;0.2140;2.1540;3.1010;93.7250;1.4593;0.3030;0.0240;24.1560;0.2833;0.2833;-0.0690;4;F-MOUTHBAR
F-14;3082.50;37.7440;0.2190;2.1480;3.1460;93.6230;1.4678;0.2930;0.0240;31.5220;0.2868;0.2868;-0.0680;4;F-MOUTHBAR
F-14;3082.75;38.7780;0.2160;2.1800;3.2760;93.8860;1.4682;0.2870;0.0240;35.6270;0.2684;0.2684;-0.0530;4;F-MOUTHBAR
F-14;3083.00;39.8120;0.2130;2.2130;3.4060;94.1480;1.4686;0.2940;0.0240;24.3360;0.2499;0.2499;-0.0370;4;F-MOUTHBAR
F-14;3083.25;39.0700;0.2100;2.1910;3.4440;94.0940;1.4754;0.2980;0.0240;18.0600;0.2621;0.2621;-0.0520;4;F-MOUTHBAR
F-14;3083.50;38.3280;0.2070;2.1700;3.4810;94.0400;1.4822;0.2930;0.0260;21.7980;0.2741;0.2741;-0.0670;4;F-MOUTHBAR
F-14;3083.75;43.5940;0.2030;2.1830;3.4990;92.6540;1.4828;0.2990;0.0270;24.9230;0.2668;0.2668;-0.0640;4;F-MOUTHBAR
F-14;3084.00;48.8600;0.1990;2.1960;3.5180;91.2690;1.4835;0.3460;0.0260;9.2470;0.2595;0.2595;-0.0610;4;F-MOUTHBAR
F-14;3084.25;50.6690;0.2000;2.2420;3.4280;95.0360;1.4976;0.4000;0.0250;2.2770;0.2334;0.2334;-0.0330;4;F-MOUTHBAR
F-14;3084.50;52.4770;0.2020;2.2870;3.3380;98.8040;1.5113;0.4180;0.0240;1.0500;0.2072;0.2072;-0.0050;4;F-MOUTHBAR
F-14;3084.75;53.6920;0.2070;2.2780;3.3210;96.9800;1.5344;0.4120;0.0230;1.0060;0.2125;0.2125;-0.0060;4;F-MOUTHBAR
F-14;3085.00;54.9060;0.2120;2.2690;3.3050;95.1560;1.5563;0.4260;0.0250;0.8200;0.2178;0.2178;-0.0060;4;F-MOUTHBAR
F-14;3085.25;55.0610;0.2080;2.2660;3.4580;93.6420;1.5378;0.4330;0.0260;0.8250;0.2194;0.2194;-0.0110;4;F-MOUTHBAR
F-14;3085.50;55.2150;0.2050;2.2630;3.6110;92.1280;1.5184;0.4360;0.0270;0.7440;0.2210;0.2210;-0.0160;4;F-MOUTHBAR
F-14;3085.75;54.0970;0.2040;2.2650;3.9670;92.9120;1.5194;0.4350;0.0270;0.7980;0.2200;0.2200;-0.0160;4;F-MOUTHBAR
F-14;3086.00;52.9790;0.2040;2.2670;4.3220;93.6950;1.5204;0.4170;0.0260;1.0690;0.2190;0.2190;-0.0150;4;F-MOUTHBAR
F-14;3086.25;52.9570;0.1990;2.2660;4.0490;91.0690;1.5255;0.4200;0.0270;1.1090;0.2197;0.2197;-0.0210;4;F-MOUTHBAR
F-14;3086.50;52.9350;0.1930;2.2640;3.7760;88.4420;1.5305;0.4080;0.0270;1.3960;0.2205;0.2205;-0.0270;4;F-MOUTHBAR
F-14;3086.75;53.1230;0.2020;2.2350;3.3530;88.9370;1.5078;0.4170;0.0280;1.0940;0.2374;0.2374;-0.0360;4;F-MOUTHBAR
F-14;3087.00;53.3100;0.2100;2.2050;2.9300;89.4320;1.4838;0.4310;0.0290;0.9230;0.2544;0.2544;-0.0440;4;F-MOUTHBAR
F-14;3087.25;54.1890;0.2270;2.1540;2.8460;92.9290;1.4846;0.4250;0.0310;1.6070;0.2834;0.2834;-0.0560;4;F-MOUTHBAR
F-14;3087.50;55.0670;0.2440;2.1040;2.7630;96.4270;1.4853;0.4230;0.0310;2.4400;0.3123;0.3123;-0.0680;4;F-MOUTHBAR
F-14;3087.75;55.0480;0.2480;2.0920;2.8060;101.2260;1.4718;0.4350;0.0320;2.9200;0.3189;0.3189;-0.0710;4;F-MOUTHBAR
F-14;3088.00;55.0290;0.2510;2.0810;2.8490;106.0250;1.4579;0.4320;0.0340;3.3470;0.3254;0.3254;-0.0750;4;F-MOUTHBAR
F-14;3088.25;52.3150;0.2170;2.1300;2.8080;100.1160;1.4492;0.4300;0.0350;4.0080;0.2971;0.2971;-0.0800;4;F-MOUTHBAR
F-14;3088.50;49.6020;0.1830;2.1800;2.7670;94.2060;1.4404;0.3980;0.0350;5.5680;0.2688;0.2688;-0.0860;4;F-MOUTHBAR
F-14;3088.75;50.2240;0.1620;2.3330;3.2310;85.4610;1.4390;0.3900;0.0320;1.9500;0.1811;0.1811;-0.0190;4;F-MOUTHBAR
F-14;3089.00;50.8470;0.1410;2.4870;3.6940;76.7150;1.4377;0.4080;0.0300;0.2960;0.0934;0.0934;0.0470;4;F-MOUTHBAR
F-14;3089.25;49.3850;0.1460;2.4550;3.7020;74.9230;1.4285;0.3970;0.0300;0.2670;0.1115;0.1115;0.0340;4;F-MOUTHBAR
F-14;3089.50;47.9220;0.1500;2.4230;3.7100;73.1310;1.4191;0.3830;0.0320;0.4220;0.1296;0.1296;0.0210;4;F-MOUTHBAR
F-14;3089.75;47.5110;0.1650;2.3610;3.5680;74.6670;1.3976;0.3570;0.0330;1.4430;0.1650;0.1650;0.0000;4;F-MOUTHBAR
F-14;3090.00;47.1000;0.1790;2.3000;3.4270;76.2040;1.3750;0.3640;0.0340;1.6620;0.2003;0.2003;-0.0210;4;F-MOUTHBAR
F-14;3090.25;47.3400;0.1750;2.3100;3.4780;77.4720;1.3768;0.3740;0.0340;1.8790;0.1941;0.1941;-0.0190;4;F-MOUTHBAR
F-14;3090.50;47.5790;0.1710;2.3210;3.5290;78.7410;1.3785;0.3790;0.0340;1.6030;0.1878;0.1878;-0.0170;4;F-MOUTHBAR
F-14;3090.75;49.1490;0.1730;2.3180;3.5570;79.4210;1.3530;0.3680;0.0340;1.5730;0.1897;0.1897;-0.0160;4;F-MOUTHBAR
F-14;3091.00;50.7190;0.1760;2.3150;3.5860;80.1010;1.3259;0.3730;0.0350;1.4250;0.1917;0.1917;-0.0160;4;F-MOUTHBAR
F-14;3091.25;52.7330;0.1890;2.2820;3.8300;83.1690;1.3027;0.4090;0.0370;0.7840;0.2105;0.2105;-0.0220;4;F-MOUTHBAR
F-14;3091.50;54.7480;0.2020;2.2490;4.0740;86.2380;1.2783;0.4360;0.0430;0.7040;0.2293;0.2293;-0.0270;4;F-MOUTHBAR
F-14;3091.75;52.6060;0.2000;2.2660;3.9780;87.5010;1.3000;0.4370;0.0460;0.7610;0.2194;0.2194;-0.0200;4;F-MOUTHBAR
F-14;3092.00;50.4640;0.1970;2.2830;3.8820;88.7630;1.3206;0.4270;0.0460;0.8810;0.2096;0.2096;-0.0130;4;F-MOUTHBAR
F-14;3092.25;47.2020;0.1910;2.2780;3.7350;86.4190;1.3622;0.3800;0.0490;2.2590;0.2125;0.2125;-0.0210;4;F-MOUTHBAR
F-14;3092.50;43.9390;0.1850;2.2730;3.5880;84.0760;1.4002;0.3420;0.0530;4.3710;0.2155;0.2155;-0.0300;4;F-MOUTHBAR
F-14;3092.75;42.5850;0.1750;2.3300;4.1860;82.6240;1.4532;0.3320;0.0470;4.3940;0.1826;0.1826;-0.0080;4;F-MOUTHBAR
F-14;3093.00;41.2300;0.1640;2.3880;4.7850;81.1720;1.5005;0.3190;0.0380;3.6120;0.1498;0.1498;0.0140;4;F-MOUTHBAR
F-14;3093.25;42.0290;0.1590;2.4020;4.2780;79.9490;1.6113;0.3170;0.0330;2.3160;0.1415;0.1415;0.0180;4;F-MOUTHBAR
F-14;3093.50;42.8270;0.1550;2.4170;3.7710;78.7260;1.6995;0.3170;0.0310;2.1280;0.1331;0.1331;0.0210;1;F-TIDAL BAR
F-14;3093.75;45.3610;0.1590;2.3980;3.8790;79.8690;1.7601;0.3400;0.0310;1.4470;0.1438;0.1438;0.0150;1;F-TIDAL BAR
F-14;3094.00;47.8950;0.1630;2.3800;3.9880;81.0120;1.8133;0.3790;0.0310;0.6480;0.1544;0.1544;0.0090;1;F-TIDAL BAR
F-14;3094.25;46.8320;0.1640;2.3680;3.8200;82.0290;1.8914;0.3690;0.0300;1.1610;0.1611;0.1611;0.0030;1;F-TIDAL BAR
F-14;3094.50;45.7700;0.1640;2.3560;3.6520;83.0470;1.9576;0.3530;0.0280;1.8330;0.1678;0.1678;-0.0030;1;F-TIDAL BAR
F-14;3094.75;44.3520;0.1680;2.3460;3.6590;83.0950;2.0268;0.3590;0.0270;1.6110;0.1735;0.1735;-0.0060;1;F-TIDAL BAR
F-14;3095.00;42.9330;0.1710;2.3360;3.6670;83.1440;2.0864;0.3420;0.0250;2.6260;0.1793;0.1793;-0.0080;1;F-TIDAL BAR
F-14;3095.25;42.8380;0.1710;2.3270;3.6280;84.7570;2.1180;0.3300;0.0250;3.3700;0.1847;0.1847;-0.0140;1;F-TIDAL BAR
F-14;3095.50;42.7440;0.1710;2.3170;3.5890;86.3700;2.1475;0.3360;0.0240;3.1220;0.1901;0.1901;-0.0200;1;F-TIDAL BAR
F-14;3095.75;43.4750;0.1720;2.3060;3.3680;86.0030;2.2004;0.3250;0.0240;4.3500;0.1966;0.1966;-0.0240;1;F-TIDAL BAR
F-14;3096.00;44.2070;0.1740;2.2950;3.1480;85.6370;2.2476;0.3260;0.0250;5.2280;0.2031;0.2031;-0.0290;1;F-TIDAL BAR
F-14;3096.25;43.5810;0.1780;2.2980;3.2550;84.7930;2.2301;0.3400;0.0240;3.5040;0.2013;0.2013;-0.0230;1;F-TIDAL BAR
F-14;3096.50;42.9540;0.1820;2.3010;3.3620;83.9490;2.2119;0.3370;0.0220;3.8910;0.1995;0.1995;-0.0170;1;F-TIDAL BAR
F-14;3096.75;43.2280;0.1760;2.2870;3.3760;84.0800;2.1958;0.3390;0.0210;4.0040;0.2076;0.2076;-0.0320;1;F-TIDAL BAR
F-14;3097.00;43.5010;0.1700;2.2730;3.3900;84.2110;2.1791;0.3490;0.0220;3.4750;0.2157;0.2157;-0.0460;1;F-TIDAL BAR
F-14;3097.25;43.0290;0.1750;2.2780;3.4480;85.1870;2.1584;0.3370;0.0210;4.4790;0.2125;0.2125;-0.0370;1;F-TIDAL BAR
F-14;3097.50;42.5570;0.1810;2.2840;3.5050;86.1640;2.1366;0.3390;0.0170;4.1560;0.2094;0.2094;-0.0290;1;F-TIDAL BAR
F-14;3097.75;38.6860;0.1770;2.2580;3.8130;86.2460;2.1358;0.3180;0.0160;6.5170;0.2241;0.2241;-0.0470;1;F-TIDAL BAR
F-14;3098.00;34.8140;0.1730;2.2320;4.1220;86.3280;2.1349;0.2860;0.0140;14.2240;0.2387;0.2387;-0.0660;1;F-TIDAL BAR
F-14;3098.25;31.3330;0.1720;2.2140;3.8120;87.7300;2.0670;0.2480;0.0090;40.6880;0.2494;0.2494;-0.0780;1;F-TIDAL BAR
F-14;3098.50;27.8510;0.1710;2.1950;3.5030;89.1330;1.9865;0.2020;0.0080;119.6080;0.2599;0.2599;-0.0890;1;F-TIDAL BAR
F-14;3098.75;25.9640;0.1710;2.1880;3.1200;88.7760;1.9656;0.1960;0.0050;125.4570;0.2639;0.2639;-0.0930;1;F-TIDAL BAR
F-14;3099.00;24.0780;0.1710;2.1810;2.7360;88.4190;1.9437;0.1860;0.0040;165.8150;0.2679;0.2679;-0.0970;1;F-TIDAL BAR
F-14;3099.25;25.6730;0.1750;2.1700;2.6260;88.0300;2.0403;0.1640;0.0080;289.9820;0.2745;0.2745;-0.1000;1;F-TIDAL BAR
F-14;3099.50;27.2680;0.1780;2.1580;2.5170;87.6410;2.1192;0.1680;0.0080;275.3270;0.2810;0.2810;-0.1030;1;F-TIDAL BAR
F-14;3099.75;31.5900;0.1780;2.1900;2.7670;88.0270;2.2196;0.2030;0.0040;146.9450;0.2628;0.2628;-0.0840;1;F-TIDAL BAR
F-14;3100.00;35.9130;0.1790;2.2220;3.0180;88.4120;2.3010;0.2470;0.0050;51.2660;0.2446;0.2446;-0.0660;1;F-TIDAL BAR
F-14;3100.25;39.5850;0.1780;2.2260;3.0720;89.2440;2.3010;0.2850;0.0040;18.6550;0.2425;0.2425;-0.0640;1;F-TIDAL BAR
F-14;3100.50;43.2580;0.1780;2.2290;3.1260;90.0770;2.3010;0.3270;0.0040;6.4780;0.2403;0.2403;-0.0620;1;F-TIDAL BAR
F-14;3100.75;36.7580;0.1700;2.2110;2.8950;89.4780;2.3010;0.3170;0.0050;10.2730;0.2507;0.2507;-0.0810;1;F-TIDAL BAR
F-14;3101.00;30.2590;0.1620;2.1930;2.6650;88.8800;2.3010;0.2570;0.0050;41.5310;0.2610;0.2610;-0.0990;1;F-TIDAL BAR
F-14;3101.25;25.9130;0.1660;2.1750;2.5810;87.9890;2.2278;0.2090;0.0040;105.1340;0.2715;0.2715;-0.1050;1;F-TIDAL BAR
F-14;3101.50;21.5660;0.1710;2.1560;2.4980;87.0980;2.1398;0.1710;0.0040;264.6800;0.2821;0.2821;-0.1110;1;F-TIDAL BAR
F-14;3101.75;19.5320;0.1690;2.1600;2.4690;87.6200;2.0768;0.1310;0.0040;671.6160;0.2800;0.2800;-0.1120;3;F-TIDAL CHANNEL
F-14;3102.00;17.4980;0.1660;2.1640;2.4400;88.1420;2.0031;0.1040;0.0060;1152.0500;0.2779;0.2779;-0.1120;3;F-TIDAL CHANNEL
F-14;3102.25;17.0160;0.1720;2.1580;2.4520;88.9050;2.0425;0.1060;0.0090;1028.4440;0.2813;0.2813;-0.1100;3;F-TIDAL CHANNEL
F-14;3102.50;16.5350;0.1770;2.1520;2.4640;89.6670;2.0787;0.0940;0.0090;1374.6550;0.2846;0.2846;-0.1080;3;F-TIDAL CHANNEL
F-14;3102.75;17.5450;0.1780;2.1570;2.4320;89.7780;2.0720;0.1040;0.0100;1161.7860;0.2817;0.2817;-0.1030;3;F-TIDAL CHANNEL
F-14;3103.00;18.5560;0.1790;2.1620;2.4000;89.8890;2.0652;0.1170;0.0120;913.4530;0.2787;0.2787;-0.0990;3;F-TIDAL CHANNEL
F-14;3103.25;18.3830;0.1780;2.1580;2.4620;90.6560;2.0542;0.1190;0.0120;835.8440;0.2814;0.2814;-0.1040;3;F-TIDAL CHANNEL
F-14;3103.50;18.2100;0.1760;2.1530;2.5230;91.4230;2.0428;0.1120;0.0120;1002.0980;0.2841;0.2841;-0.1080;3;F-TIDAL CHANNEL
F-14;3103.75;17.2920;0.1760;2.1530;2.4900;91.1560;2.0717;0.1170;0.0120;869.8110;0.2838;0.2838;-0.1070;3;F-TIDAL CHANNEL
F-14;3104.00;16.3730;0.1770;2.1540;2.4570;90.8900;2.0987;0.1100;0.0120;1015.9990;0.2836;0.2836;-0.1070;3;F-TIDAL CHANNEL
F-14;3104.25;17.4510;0.1800;2.1520;2.5210;91.0290;2.1140;0.0940;0.0130;1528.8600;0.2846;0.2846;-0.1050;3;F-TIDAL CHANNEL
F-14;3104.50;18.5290;0.1830;2.1500;2.5840;91.1680;2.1288;0.0990;0.0130;1351.7820;0.2856;0.2856;-0.1030;3;F-TIDAL CHANNEL
F-14;3104.75;17.8090;0.1790;2.1500;2.6330;91.1150;2.1405;0.1200;0.0130;974.5020;0.2858;0.2858;-0.1070;3;F-TIDAL CHANNEL
F-14;3105.00;17.0890;0.1750;2.1490;2.6820;91.0620;2.1519;0.1110;0.0130;1055.9440;0.2861;0.2861;-0.1110;3;F-TIDAL CHANNEL
F-14;3105.25;18.1840;0.1830;2.1580;3.1870;91.9200;2.1346;0.1070;0.0120;1098.1750;0.2811;0.2811;-0.0980;3;F-TIDAL CHANNEL
F-14;3105.50;19.2800;0.1920;2.1670;3.6910;92.7780;2.1166;0.1210;0.0110;806.0730;0.2762;0.2762;-0.0840;3;F-TIDAL CHANNEL
F-14;3105.75;21.6010;0.2040;2.1380;3.5730;95.3870;2.1053;0.1510;0.0110;626.3290;0.2927;0.2927;-0.0890;3;F-TIDAL CHANNEL
F-14;3106.00;23.9220;0.2150;2.1090;3.4550;97.9960;2.0938;0.1740;0.0170;397.5810;0.3092;0.3092;-0.0940;3;F-TIDAL CHANNEL
F-14;3106.25;21.9310;0.2010;2.1260;3.3750;97.1580;2.1096;0.1610;0.0160;604.1280;0.2995;0.2995;-0.0990;3;F-TIDAL CHANNEL
F-14;3106.50;19.9410;0.1870;2.1430;3.2950;96.3200;2.1249;0.1440;0.0150;633.0360;0.2899;0.2899;-0.1030;3;F-TIDAL CHANNEL
F-14;3106.75;18.2290;0.1850;2.1550;3.0450;93.9290;2.1346;0.1230;0.0110;902.0710;0.2829;0.2829;-0.0980;3;F-TIDAL CHANNEL
F-14;3107.00;16.5170;0.1820;2.1670;2.7960;91.5380;2.1441;0.1020;0.0110;1334.7910;0.2759;0.2759;-0.0940;3;F-TIDAL CHANNEL
F-14;3107.25;16.9320;0.1770;2.1740;2.5270;90.1060;2.1409;0.0940;0.0110;1283.5580;0.2722;0.2722;-0.0960;3;F-TIDAL CHANNEL
F-14;3107.50;17.3470;0.1710;2.1800;2.2580;88.6740;2.1376;0.0860;0.0100;1453.5730;0.2684;0.2684;-0.0970;3;F-TIDAL CHANNEL
F-14;3107.75;17.6620;0.1720;2.1760;2.3160;88.9580;2.1640;0.1120;0.0110;789.8480;0.2710;0.2710;-0.0990;3;F-TIDAL CHANNEL
F-14;3108.00;17.9770;0.1720;2.1710;2.3740;89.2410;2.1889;0.1210;0.0100;695.4760;0.2735;0.2735;-0.1010;3;F-TIDAL CHANNEL
F-14;3108.25;16.2080;0.1750;2.1680;2.3090;89.5490;2.1872;0.1060;0.0100;1004.8440;0.2757;0.2757;-0.1010;3;F-TIDAL CHANNEL
F-14;3108.50;14.4390;0.1780;2.1640;2.2450;89.8560;2.1855;0.0890;0.0100;1405.8940;0.2778;0.2778;-0.1000;3;F-TIDAL CHANNEL
F-14;3108.75;15.4070;0.1720;2.1640;2.3240;89.8350;2.1766;0.0850;0.0100;1592.2430;0.2775;0.2775;-0.1050;3;F-TIDAL CHANNEL
F-14;3109.00;16.3750;0.1670;2.1650;2.4030;89.8150;2.1675;0.1030;0.0100;1080.0320;0.2773;0.2773;-0.1110;3;F-TIDAL CHANNEL
F-14;3109.25;14.6190;0.1670;2.1650;2.3620;89.9630;2.1638;0.0830;0.0100;1523.9290;0.2771;0.2771;-0.1100;3;F-TIDAL CHANNEL
F-14;3109.50;12.8620;0.1680;2.1660;2.3210;90.1110;2.1599;0.0730;0.0100;2188.9670;0.2769;0.2769;-0.1090;3;F-TIDAL CHANNEL
F-14;3109.75;12.7920;0.1670;2.1680;2.3050;90.9920;2.1494;0.0690;0.0100;2027.5480;0.2753;0.2753;-0.1090;3;F-TIDAL CHANNEL
F-14;3110.00;12.7220;0.1660;2.1710;2.2880;91.8730;2.1385;0.0630;0.0090;2276.3980;0.2737;0.2737;-0.1080;3;F-TIDAL CHANNEL
F-14;3110.25;13.2730;0.1720;2.1630;2.3590;90.4830;2.1773;0.0690;0.0100;2044.8260;0.2783;0.2783;-0.1060;3;F-TIDAL CHANNEL
F-14;3110.50;13.8250;0.1790;2.1550;2.4310;89.0930;2.2130;0.0760;0.0100;2033.0150;0.2829;0.2829;-0.1040;3;F-TIDAL CHANNEL
F-14;3110.75;13.9430;0.1760;2.1570;2.4390;89.5070;2.2592;0.0770;0.0100;1980.5070;0.2819;0.2819;-0.1060;3;F-TIDAL CHANNEL
F-14;3111.00;14.0610;0.1730;2.1580;2.4480;89.9220;2.3010;0.0790;0.0100;1879.4100;0.2809;0.2809;-0.1080;3;F-TIDAL CHANNEL
F-14;3111.25;15.4960;0.1750;2.1580;2.5250;90.2580;2.3010;0.0860;0.0100;1621.2840;0.2810;0.2810;-0.1060;3;F-TIDAL CHANNEL
F-14;3111.50;16.9310;0.1770;2.1580;2.6020;90.5950;2.3010;0.1040;0.0100;1180.8280;0.2811;0.2811;-0.1040;3;F-TIDAL CHANNEL
F-14;3111.75;16.2720;0.1800;2.1640;2.5300;91.4970;2.3010;0.0960;0.0100;1328.4790;0.2779;0.2779;-0.0980;3;F-TIDAL CHANNEL
F-14;3112.00;15.6130;0.1830;2.1690;2.4570;92.3990;2.3010;0.0910;0.0090;1415.0730;0.2746;0.2746;-0.0920;3;F-TIDAL CHANNEL
F-14;3112.25;16.0340;0.1750;2.1710;2.4270;92.2350;2.3010;0.0970;0.0100;1258.5800;0.2739;0.2739;-0.0990;3;F-TIDAL CHANNEL
F-14;3112.50;16.4550;0.1680;2.1720;2.3970;92.0720;2.3010;0.1000;0.0100;1134.6220;0.2733;0.2733;-0.1050;3;F-TIDAL CHANNEL
F-14;3112.75;15.9490;0.1690;2.1620;2.4610;91.4560;2.2374;0.1000;0.0100;1103.6260;0.2788;0.2788;-0.1100;3;F-TIDAL CHANNEL
F-14;3113.00;15.4430;0.1700;2.1530;2.5240;90.8400;2.1629;0.0970;0.0100;1232.4570;0.2843;0.2843;-0.1140;3;F-TIDAL CHANNEL
F-14;3113.25;17.3610;0.1740;2.1570;2.8300;88.8870;2.2374;0.0930;0.0100;1449.9710;0.2815;0.2815;-0.1080;3;F-TIDAL CHANNEL
F-14;3113.50;19.2790;0.1770;2.1620;3.1350;86.9350;2.3010;0.1090;0.0090;1058.7320;0.2786;0.2786;-0.1010;3;F-TIDAL CHANNEL
F-14;3113.75;18.0700;0.1760;2.1730;3.0600;87.9240;2.2401;0.1250;0.0100;705.4580;0.2728;0.2728;-0.0970;3;F-TIDAL CHANNEL
F-14;3114.00;16.8610;0.1740;2.1830;2.9850;88.9130;2.1693;0.1090;0.0090;941.8560;0.2670;0.2670;-0.0930;3;F-TIDAL CHANNEL
F-14;3114.25;16.3100;0.1730;2.1790;3.0580;88.7360;2.2401;0.0980;0.0090;1069.3260;0.2693;0.2693;-0.0960;3;F-TIDAL CHANNEL
F-14;3114.50;15.7600;0.1730;2.1750;3.1320;88.5590;2.3010;0.0940;0.0090;1243.0250;0.2716;0.2716;-0.0990;3;F-TIDAL CHANNEL
F-14;3114.75;18.0440;0.0030;2.1730;2.9050;88.4570;2.3010;0.0980;0.0090;1078.3730;0.2725;0.2725;-0.2690;3;F-TIDAL CHANNEL
F-14;3115.00;20.3280;-0.1670;2.1720;2.6780;88.3550;2.3010;0.1160;0.0090;789.8170;0.2733;0.2733;-0.4400;3;F-TIDAL CHANNEL
F-14;3115.25;17.7610;0.2010;2.1760;2.5190;89.2200;2.3010;0.1270;0.0090;634.5780;0.2710;0.2710;-0.9490;3;F-TIDAL CHANNEL
F-14;3115.50;15.1940;0.2230;2.1800;2.3590;90.0860;2.3010;0.1080;0.0090;634.5780;0.2686;0.2686;-1.4570;3;F-TIDAL CHANNEL
F-14;3115.75;15.5850;0.2180;2.1860;2.4330;90.2130;2.3010;0.0930;0.0090;634.5780;0.2654;0.2654;-0.7770;3;F-TIDAL CHANNEL
F-14;3116.00;15.9760;0.1660;2.1910;2.5070;90.3390;2.3010;0.0960;0.0090;989.9400;0.2621;0.2621;-0.0960;3;F-TIDAL CHANNEL
F-14;3116.25;17.2920;0.1720;2.1800;2.4920;90.4470;2.2349;0.0940;0.0090;1057.0580;0.2689;0.2689;-0.0970;3;F-TIDAL CHANNEL
F-14;3116.50;18.6070;0.1770;2.1680;2.4770;90.5540;2.1569;0.1060;0.0090;947.4880;0.2756;0.2756;-0.0980;3;F-TIDAL CHANNEL
F-14;3116.75;17.6540;0.1710;2.1620;2.5730;90.9300;2.2349;0.1140;0.0090;900.1400;0.2787;0.2787;-0.1080;3;F-TIDAL CHANNEL
F-14;3117.00;16.7020;0.1650;2.1570;2.6690;91.3070;2.3010;0.1060;0.0090;1130.9970;0.2819;0.2819;-0.1170;3;F-TIDAL CHANNEL
F-14;3117.25;17.2230;0.1670;2.1630;2.5300;90.1670;2.2395;0.1030;0.0090;1134.0240;0.2784;0.2784;-0.1110;3;F-TIDAL CHANNEL
F-14;3117.50;17.7440;0.1700;2.1690;2.3900;89.0270;2.1678;0.1050;0.0100;1032.3480;0.2749;0.2749;-0.1050;3;F-TIDAL CHANNEL
F-14;3117.75;19.2150;0.1650;2.1680;2.3950;89.4010;2.1628;0.1180;0.0090;743.7150;0.2756;0.2756;-0.1100;3;F-TIDAL CHANNEL
F-14;3118.00;20.6860;0.1610;2.1670;2.3990;89.7750;2.1577;0.1320;0.0100;561.1280;0.2763;0.2763;-0.1150;3;F-TIDAL CHANNEL
F-14;3118.25;18.5350;0.1660;2.1610;2.4710;89.9300;2.1316;0.1110;0.0100;882.1660;0.2797;0.2797;-0.1130;3;F-TIDAL CHANNEL
F-14;3118.50;16.3840;0.1720;2.1540;2.5420;90.0850;2.1037;0.0900;0.0100;1425.0140;0.2832;0.2832;-0.1110;3;F-TIDAL CHANNEL
F-14;3118.75;16.7180;0.1730;2.1590;2.5880;90.1880;2.0912;0.1060;0.0110;1109.4970;0.2809;0.2809;-0.1080;3;F-TIDAL CHANNEL
F-14;3119.00;17.0530;0.1750;2.1630;2.6340;90.2910;2.0782;0.1150;0.0110;857.1500;0.2786;0.2786;-0.1040;3;F-TIDAL CHANNEL
F-14;3119.25;16.0340;0.1740;2.1580;2.9570;90.4960;2.0415;0.1020;0.0120;1199.9010;0.2814;0.2814;-0.1080;3;F-TIDAL CHANNEL
F-14;3119.50;15.0150;0.1730;2.1530;3.2800;90.7020;2.0013;0.0910;0.0120;1511.1140;0.2842;0.2842;-0.1110;3;F-TIDAL CHANNEL
F-14;3119.75;16.6690;0.1720;2.1640;2.7670;90.0280;1.9930;0.0880;0.0120;1715.6700;0.2780;0.2780;-0.1060;3;F-TIDAL CHANNEL
F-14;3120.00;18.3230;0.1710;2.1740;2.2530;89.3540;1.9846;0.1010;0.0120;1192.6170;0.2718;0.2718;-0.1010;3;F-TIDAL CHANNEL
F-14;3120.25;21.3350;0.1820;2.1800;2.4990;89.6140;1.9781;0.1260;0.0120;595.8730;0.2687;0.2687;-0.0870;3;F-TIDAL CHANNEL
F-14;3120.50;24.3470;0.1940;2.1850;2.7450;89.8750;1.9715;0.1520;0.0110;356.7080;0.2656;0.2656;-0.0720;3;F-TIDAL CHANNEL
F-14;3120.75;27.8640;0.1940;2.1780;2.8030;91.1900;1.9855;0.1780;0.0080;257.1540;0.2695;0.2695;-0.0760;3;F-TIDAL CHANNEL
F-14;3121.00;31.3810;0.1940;2.1720;2.8610;92.5050;1.9992;0.2050;0.0050;161.6090;0.2734;0.2734;-0.0790;3;F-TIDAL CHANNEL
F-14;3121.25;34.0280;0.1870;2.2110;2.8340;93.6830;2.0048;0.2350;0.0050;78.8630;0.2510;0.2510;-0.0640;3;F-TIDAL CHANNEL
F-14;3121.50;36.6750;0.1800;2.2500;2.8080;94.8610;2.0104;0.2620;0.0050;38.2320;0.2286;0.2286;-0.0480;3;F-TIDAL CHANNEL
F-14;3121.75;40.3560;0.1780;2.3140;3.2690;94.5450;2.0299;0.3060;0.0040;7.4100;0.1923;0.1923;-0.0140;3;F-TIDAL CHANNEL
F-14;3122.00;44.0360;0.1760;2.3770;3.7310;94.2290;2.0485;0.3280;0.0040;3.2430;0.1560;0.1560;0.0200;3;F-TIDAL CHANNEL
F-14;3122.25;48.6020;0.1760;2.3640;3.7350;92.4400;2.0055;0.3530;0.0040;1.5820;0.1633;0.1633;0.0120;3;F-TIDAL CHANNEL
F-14;3122.50;53.1680;0.1760;2.3510;3.7390;90.6500;1.9579;0.3780;0.0100;1.3220;0.1707;0.1707;0.0050;3;F-TIDAL CHANNEL
F-14;3122.75;53.5530;0.1630;2.3830;4.2310;85.5590;1.9124;0.4290;0.0160;0.3970;0.1526;0.1526;0.0110;3;F-TIDAL CHANNEL
F-14;3123.00;53.9380;0.1510;2.4150;4.7230;80.4690;1.8617;0.4390;0.0210;0.1880;0.1346;0.1346;0.0160;6;F-LOWER SHOREFACE
F-14;3123.25;52.7490;0.1400;2.4250;4.0490;85.7270;1.9503;0.4210;0.0230;0.2540;0.1284;0.1284;0.0120;6;F-LOWER SHOREFACE
F-14;3123.50;51.5610;0.1290;2.4360;3.3740;90.9860;2.0239;0.4120;0.0280;0.2410;0.1222;0.1222;0.0070;6;F-LOWER SHOREFACE
F-14;3123.75;49.5550;0.1350;2.4070;3.3190;87.4900;2.0026;0.3960;0.0290;0.3550;0.1390;0.1390;-0.0040;6;F-LOWER SHOREFACE
F-14;3124.00;47.5490;0.1410;2.3780;3.2640;83.9940;1.9802;0.3790;0.0300;0.6050;0.1557;0.1557;-0.0140;6;F-LOWER SHOREFACE
F-14;3124.25;48.5330;0.1420;2.3720;3.1670;81.8410;1.9625;0.3790;0.0310;0.8000;0.1587;0.1587;-0.0160;6;F-LOWER SHOREFACE
F-14;3124.50;49.5160;0.1430;2.3670;3.0700;79.6870;1.9440;0.3850;0.0320;0.7070;0.1617;0.1617;-0.0180;6;F-LOWER SHOREFACE
F-14;3124.75;51.3380;0.1450;2.3610;3.0400;86.2950;1.9308;0.3900;0.0320;0.6310;0.1650;0.1650;-0.0200;6;F-LOWER SHOREFACE
F-14;3125.00;53.1590;0.1470;2.3550;3.0110;92.9030;1.9171;0.4090;0.0330;0.4760;0.1685;0.1685;-0.0210;6;F-LOWER SHOREFACE
F-14;3125.25;51.0170;0.1510;2.3530;3.0120;86.7590;1.8916;0.4260;0.0330;0.3650;0.1698;0.1698;-0.0190;6;F-LOWER SHOREFACE
F-14;3125.50;48.8750;0.1540;2.3500;3.0120;80.6140;1.8645;0.4120;0.0340;0.4490;0.1712;0.1712;-0.0170;6;F-LOWER SHOREFACE
F-14;3125.75;49.6410;0.1600;2.3280;2.9510;80.9160;1.8355;0.3760;0.0340;1.0870;0.1843;0.1843;-0.0240;6;F-LOWER SHOREFACE
F-14;3126.00;50.4070;0.1650;2.3050;2.8900;81.2180;1.8044;0.3830;0.0340;1.0920;0.1974;0.1974;-0.0320;6;F-LOWER SHOREFACE
F-14;3126.25;50.8400;0.1620;2.3060;2.9010;81.8780;1.7848;0.3980;0.0350;0.9280;0.1969;0.1969;-0.0350;6;F-LOWER SHOREFACE
F-14;3126.50;51.2730;0.1590;2.3060;2.9120;82.5370;1.7643;0.4010;0.0360;0.8090;0.1963;0.1963;-0.0370;6;F-LOWER SHOREFACE
F-14;3126.75;55.0200;0.1680;2.2990;2.9770;82.2740;1.7389;0.4040;0.0370;0.8150;0.2005;0.2005;-0.0320;6;F-LOWER SHOREFACE
F-14;3127.00;58.7670;0.1770;2.2920;3.0410;82.0110;1.7120;0.4440;0.0370;0.3640;0.2046;0.2046;-0.0270;6;F-LOWER SHOREFACE
F-14;3127.25;55.9200;0.1870;2.2340;3.0340;84.4530;1.6909;0.4690;0.0410;0.3020;0.2380;0.2380;-0.0510;6;F-LOWER SHOREFACE
F-14;3127.50;53.0730;0.1970;2.1750;3.0280;86.8950;1.6686;0.4510;0.0350;0.7230;0.2715;0.2715;-0.0740;6;F-LOWER SHOREFACE
F-14;3127.75;53.6140;0.2020;2.1710;3.1910;88.4450;1.6686;0.4090;0.0330;2.4220;0.2737;0.2737;-0.0720;1;F-TIDAL BAR
F-14;3128.00;54.1560;0.2060;2.1670;3.3550;89.9950;1.6686;0.4110;0.0320;2.5080;0.2759;0.2759;-0.0700;1;F-TIDAL BAR
F-14;3128.25;53.7460;0.2150;2.1640;3.5520;90.4180;1.6749;0.4280;0.0310;1.6070;0.2778;0.2778;-0.0630;1;F-TIDAL BAR
F-14;3128.50;53.3370;0.2240;2.1610;3.7480;90.8410;1.6811;0.4330;0.0300;1.5180;0.2797;0.2797;-0.0560;1;F-TIDAL BAR
F-14;3128.75;52.9570;0.2120;2.1550;3.7650;91.6860;1.6919;0.4200;0.0300;2.1710;0.2829;0.2829;-0.0710;1;F-TIDAL BAR
F-14;3129.00;52.5760;0.2000;2.1490;3.7820;92.5320;1.7025;0.4200;0.0300;2.0310;0.2861;0.2861;-0.0860;1;F-TIDAL BAR
F-14;3129.25;52.7330;0.2000;2.1570;3.5610;93.8670;1.7314;0.4040;0.0300;3.2310;0.2815;0.2815;-0.0820;1;F-TIDAL BAR
F-14;3129.50;52.8900;0.2000;2.1650;3.3390;95.2020;1.7584;0.4050;0.0290;2.8730;0.2770;0.2770;-0.0770;1;F-TIDAL BAR
F-14;3129.75;53.6000;0.1960;2.1650;3.3020;93.6580;1.7718;0.4220;0.0290;1.8550;0.2770;0.2770;-0.0810;1;F-TIDAL BAR
F-14;3130.00;54.3100;0.1930;2.1650;3.2660;92.1130;1.7848;0.4300;0.0290;1.5210;0.2770;0.2770;-0.0840;1;F-TIDAL BAR
F-14;3130.25;53.6650;0.2010;2.1560;2.9890;93.0360;1.7997;0.4320;0.0290;1.4860;0.2821;0.2821;-0.0810;1;F-TIDAL BAR
F-14;3130.50;53.0190;0.2100;2.1470;2.7120;93.9590;1.8141;0.4320;0.0290;1.6170;0.2872;0.2872;-0.0770;1;F-TIDAL BAR
F-14;3130.75;54.4770;0.2110;2.1530;2.7200;92.2640;1.8717;0.4080;0.0280;2.5480;0.2838;0.2838;-0.0720;1;F-TIDAL BAR
F-14;3131.00;55.9360;0.2130;2.1600;2.7280;90.5690;1.9225;0.4260;0.0270;1.6560;0.2803;0.2803;-0.0670;1;F-TIDAL BAR
F-14;3131.25;49.3660;0.2010;2.1790;2.7040;88.3130;1.9576;0.4370;0.0270;1.3450;0.2691;0.2691;-0.0680;1;F-TIDAL BAR
F-14;3131.50;42.7970;0.1890;2.1990;2.6800;86.0560;1.9900;0.3940;0.0270;2.6250;0.2578;0.2578;-0.0690;1;F-TIDAL BAR
F-14;3131.75;34.5840;0.1900;2.1970;2.6650;87.4800;1.9544;0.2980;0.0260;18.8510;0.2586;0.2586;-0.0680;4;F-MOUTHBAR
F-14;3132.00;26.3710;0.1920;2.1960;2.6490;88.9040;1.9157;0.2120;0.0180;97.2240;0.2594;0.2594;-0.0680;4;F-MOUTHBAR
F-14;3132.25;23.3210;0.1860;2.1980;2.5900;86.1720;1.8895;0.1790;0.0180;212.4680;0.2585;0.2585;-0.0720;4;F-MOUTHBAR
F-14;3132.50;20.2710;0.1800;2.1990;2.5300;83.4400;1.8616;0.1560;0.0150;344.2650;0.2575;0.2575;-0.0770;4;F-MOUTHBAR
F-14;3132.75;19.7640;0.1730;2.2090;2.4330;84.7650;1.8679;0.1280;0.0140;497.6610;0.2519;0.2519;-0.0790;4;F-MOUTHBAR
F-14;3133.00;19.2560;0.1660;2.2190;2.3360;86.0910;1.8742;0.1140;0.0140;567.0670;0.2463;0.2463;-0.0810;4;F-MOUTHBAR
F-14;3133.25;18.5430;0.1720;2.2120;3.0000;86.6890;1.8833;0.1210;0.0140;493.6030;0.2503;0.2503;-0.0780;4;F-MOUTHBAR
F-14;3133.50;17.8290;0.1790;2.2050;3.6640;87.2880;1.8923;0.1230;0.0140;542.5070;0.2543;0.2543;-0.0750;4;F-MOUTHBAR
F-14;3133.75;17.9130;0.1740;2.1870;3.0080;88.3380;1.9091;0.1070;0.0140;862.4180;0.2648;0.2648;-0.0900;4;F-MOUTHBAR
F-14;3134.00;17.9960;0.1700;2.1680;2.3530;89.3880;1.9252;0.1090;0.0140;821.9700;0.2753;0.2753;-0.1050;4;F-MOUTHBAR
F-14;3134.25;17.6470;0.1700;2.1670;2.3140;88.2360;1.9266;0.1300;0.0130;543.8370;0.2759;0.2759;-0.1060;4;F-MOUTHBAR
F-14;3134.50;17.2970;0.1690;2.1660;2.2740;87.0840;1.9280;0.1240;0.0130;621.6330;0.2766;0.2766;-0.1080;4;F-MOUTHBAR
F-14;3134.75;16.3250;0.1660;2.1680;2.2640;86.8610;1.9471;0.0970;0.0120;1226.3660;0.2755;0.2755;-0.1090;4;F-MOUTHBAR
F-14;3135.00;15.3540;0.1640;2.1700;2.2540;86.6390;1.9654;0.0920;0.0120;1278.6520;0.2745;0.2745;-0.1110;4;F-MOUTHBAR
F-14;3135.25;16.2990;0.1620;2.1750;2.3110;86.7380;1.9526;0.1000;0.0120;1087.3030;0.2712;0.2712;-0.1090;4;F-MOUTHBAR
F-14;3135.50;17.2440;0.1600;2.1810;2.3670;86.8360;1.9395;0.1040;0.0130;927.8170;0.2679;0.2679;-0.1080;4;F-MOUTHBAR
F-14;3135.75;16.5350;0.1630;2.1760;2.3610;86.5210;1.9511;0.1010;0.0120;992.9960;0.2709;0.2709;-0.1080;4;F-MOUTHBAR
F-14;3136.00;15.8250;0.1650;2.1710;2.3550;86.2060;1.9624;0.0990;0.0130;1101.3670;0.2739;0.2739;-0.1090;4;F-MOUTHBAR
F-14;3136.25;16.3620;0.1640;2.1710;2.3420;87.4080;1.9608;0.0970;0.0120;1136.3700;0.2737;0.2737;-0.1100;4;F-MOUTHBAR
F-14;3136.50;16.9000;0.1630;2.1720;2.3290;88.6100;1.9591;0.0960;0.0120;1219.8010;0.2734;0.2734;-0.1110;4;F-MOUTHBAR
F-14;3136.75;16.3010;0.1630;2.1720;2.3130;89.8030;1.9476;0.1010;0.0120;1034.9580;0.2730;0.2730;-0.1100;4;F-MOUTHBAR
F-14;3137.00;15.7030;0.1630;2.1730;2.2970;90.9960;1.9358;0.1020;0.0130;1040.5870;0.2727;0.2727;-0.1100;4;F-MOUTHBAR
F-14;3137.25;15.2220;0.1650;2.1800;2.2750;90.2610;1.9322;0.0930;0.0130;1204.8300;0.2685;0.2685;-0.1030;4;F-MOUTHBAR
F-14;3137.50;14.7420;0.1680;2.1880;2.2540;89.5260;1.9286;0.0860;0.0120;1311.0320;0.2642;0.2642;-0.0970;4;F-MOUTHBAR
F-14;3137.75;15.2110;0.1670;2.1820;2.2970;88.7800;1.9232;0.0830;0.0130;1371.3950;0.2673;0.2673;-0.1010;4;F-MOUTHBAR
F-14;3138.00;15.6800;0.1660;2.1770;2.3400;88.0340;1.9177;0.0830;0.0130;1447.1650;0.2705;0.2705;-0.1050;4;F-MOUTHBAR
F-14;3138.25;17.5470;0.1710;2.1790;2.4120;88.3590;1.8967;0.1060;0.0130;958.0750;0.2691;0.2691;-0.0990;4;F-MOUTHBAR
F-14;3138.50;19.4140;0.1750;2.1810;2.4840;88.6840;1.8746;0.1260;0.0130;644.0610;0.2678;0.2678;-0.0920;4;F-MOUTHBAR
F-14;3138.75;17.2120;0.1760;2.1800;2.4570;88.9950;1.8663;0.1120;0.0130;821.3090;0.2689;0.2689;-0.0920;4;F-MOUTHBAR
F-14;3139.00;15.0090;0.1770;2.1780;2.4300;89.3060;1.8578;0.0900;0.0110;1208.4050;0.2700;0.2700;-0.0930;4;F-MOUTHBAR
F-14;3139.25;17.1650;0.1800;2.1760;2.4860;89.4300;1.8442;0.0950;0.0120;1246.8890;0.2707;0.2707;-0.0900;4;F-MOUTHBAR
F-14;3139.50;19.3200;0.1830;2.1750;2.5430;89.5540;1.8302;0.1180;0.0100;769.5000;0.2713;0.2713;-0.0880;4;F-MOUTHBAR
F-14;3139.75;21.6440;0.1850;2.1670;3.0480;90.6330;1.8415;0.1310;0.0070;614.3750;0.2759;0.2759;-0.0910;4;F-MOUTHBAR
F-14;3140.00;23.9670;0.1870;2.1590;3.5530;91.7110;1.8525;0.1550;0.0070;437.5240;0.2806;0.2806;-0.0940;4;F-MOUTHBAR
F-14;3140.25;26.9370;0.1870;2.1890;3.5720;91.7280;1.8453;0.1690;0.0040;319.8490;0.2635;0.2635;-0.0760;4;F-MOUTHBAR
F-14;3140.50;29.9070;0.1880;2.2190;3.5920;91.7450;1.8379;0.1860;0.0040;193.0450;0.2465;0.2465;-0.0580;4;F-MOUTHBAR
F-14;3140.75;35.0500;0.1770;2.2990;3.7350;92.1000;1.8307;0.2300;0.0090;58.0930;0.2008;0.2008;-0.0240;4;F-MOUTHBAR
F-14;3141.00;40.1930;0.1660;2.3790;3.8780;92.4550;1.8234;0.2770;0.0100;10.6640;0.1551;0.1551;0.0110;4;F-MOUTHBAR
F-14;3141.25;45.7960;0.1550;2.3820;3.4560;83.4060;1.8615;0.3410;0.0120;2.3270;0.1530;0.1530;0.0020;4;F-MOUTHBAR
F-14;3141.50;51.3990;0.1440;2.3860;3.0350;74.3570;1.8966;0.3940;0.0180;0.4610;0.1507;0.1507;-0.0070;4;F-MOUTHBAR
F-14;3141.75;51.2720;0.1440;2.3800;3.0770;71.5640;1.9201;0.4040;0.0220;0.4250;0.1541;0.1541;-0.0100;1;F-TIDAL BAR
F-14;3142.00;51.1450;0.1440;2.3740;3.1200;68.7700;1.9424;0.4080;0.0240;0.4180;0.1575;0.1575;-0.0140;1;F-TIDAL BAR
F-14;3142.25;51.5530;0.1410;2.3610;3.0790;72.8140;1.9467;0.4010;0.0280;0.5200;0.1652;0.1652;-0.0240;1;F-TIDAL BAR
F-14;3142.50;51.9610;0.1390;2.3480;3.0380;76.8580;1.9510;0.4030;0.0290;0.5420;0.1729;0.1729;-0.0340;1;F-TIDAL BAR
F-14;3142.75;50.2910;0.1420;2.3380;3.0000;75.6560;1.9609;0.4040;0.0310;0.5330;0.1782;0.1782;-0.0360;1;F-TIDAL BAR
F-14;3143.00;48.6210;0.1450;2.3290;2.9620;74.4530;1.9706;0.3790;0.0340;1.0270;0.1836;0.1836;-0.0390;1;F-TIDAL BAR
F-14;3143.25;52.3010;0.1560;2.3210;2.9340;72.2600;1.9119;0.3950;0.0360;0.9390;0.1878;0.1878;-0.0320;1;F-TIDAL BAR
F-14;3143.50;55.9810;0.1660;2.3140;2.9050;70.0680;1.8441;0.4250;0.0370;0.5030;0.1919;0.1919;-0.0260;1;F-TIDAL BAR
F-14;3143.75;56.8150;0.1650;2.2960;2.9420;73.4330;1.8302;0.4490;0.0380;0.3160;0.2021;0.2021;-0.0370;1;F-TIDAL BAR
F-14;3144.00;57.6480;0.1640;2.2790;2.9790;76.7990;1.8158;0.4590;0.0390;0.2960;0.2122;0.2122;-0.0490;1;F-TIDAL BAR
F-14;3144.25;59.1110;0.1680;2.2650;2.9510;83.4630;1.8000;0.4580;0.0380;0.3120;0.2202;0.2202;-0.0520;1;F-TIDAL BAR
F-14;3144.50;60.5740;0.1730;2.2510;2.9230;90.1270;1.7835;0.4820;0.0390;0.2260;0.2282;0.2282;-0.0550;1;F-TIDAL BAR
F-14;3144.75;59.3150;0.1680;2.2270;2.8350;85.7660;1.7751;0.4790;0.0390;0.3100;0.2420;0.2420;-0.0740;1;F-TIDAL BAR
F-14;3145.00;58.0560;0.1640;2.2020;2.7480;81.4050;1.7665;0.4750;0.0380;0.3980;0.2558;0.2558;-0.0920;1;F-TIDAL BAR
F-14;3145.25;57.7490;0.1730;2.2360;2.8430;83.7400;1.7338;0.4600;0.0360;0.5050;0.2365;0.2365;-0.0640;1;F-TIDAL BAR
F-14;3145.50;57.4410;0.1810;2.2700;2.9390;86.0750;1.6985;0.4500;0.0360;0.4570;0.2171;0.2171;-0.0360;1;F-TIDAL BAR
F-14;3145.75;56.9800;0.1800;2.2520;2.8790;84.7580;1.6827;0.4540;0.0370;0.3940;0.2274;0.2274;-0.0480;1;F-TIDAL BAR
F-14;3146.00;56.5180;0.1780;2.2340;2.8200;83.4400;1.6662;0.4660;0.0380;0.3190;0.2375;0.2375;-0.0590;1;F-TIDAL BAR
F-14;3146.25;54.0760;0.1860;2.2050;3.0950;84.7800;1.6741;0.4420;0.0370;0.7750;0.2545;0.2545;-0.0680;1;F-TIDAL BAR
F-14;3146.50;51.6340;0.1940;2.1750;3.3690;86.1200;1.6819;0.4150;0.0340;1.7790;0.2715;0.2715;-0.0770;1;F-TIDAL BAR
F-14;3146.75;50.9300;0.1980;2.1690;3.7710;86.6910;1.6667;0.4130;0.0320;2.1720;0.2749;0.2749;-0.0770;1;F-TIDAL BAR
F-14;3147.00;50.2250;0.2020;2.1630;4.1730;87.2610;1.6510;0.4090;0.0320;2.3080;0.2783;0.2783;-0.0760;1;F-TIDAL BAR
F-14;3147.25;52.1600;0.2070;2.1620;4.3870;89.2080;1.6662;0.3940;0.0310;3.1690;0.2790;0.2790;-0.0720;1;F-TIDAL BAR
F-14;3147.50;54.0950;0.2120;2.1610;4.6010;91.1540;1.6808;0.4140;0.0310;2.3730;0.2797;0.2797;-0.0680;1;F-TIDAL BAR
F-14;3147.75;52.1140;0.2040;2.1540;4.4980;92.6010;1.6902;0.4270;0.0300;1.8020;0.2834;0.2834;-0.0790;1;F-TIDAL BAR
F-14;3148.00;50.1330;0.1970;2.1480;4.3940;94.0480;1.6994;0.4100;0.0300;2.4590;0.2871;0.2871;-0.0910;1;F-TIDAL BAR
F-14;3148.25;49.6780;0.2040;2.1540;3.9820;94.0370;1.6912;0.3750;0.0300;5.7590;0.2833;0.2833;-0.0790;1;F-TIDAL BAR
F-14;3148.50;49.2230;0.2120;2.1610;3.5700;94.0250;1.6828;0.3670;0.0300;6.0490;0.2794;0.2794;-0.0670;1;F-TIDAL BAR
F-14;3148.75;49.5890;0.2130;2.1570;3.5780;95.1160;1.6886;0.3880;0.0300;4.1680;0.2815;0.2815;-0.0690;1;F-TIDAL BAR
F-14;3149.00;49.9560;0.2140;2.1540;3.5850;96.2070;1.6944;0.3820;0.0290;4.7910;0.2837;0.2837;-0.0700;1;F-TIDAL BAR
F-14;3149.25;50.0240;0.2070;2.1510;3.2400;96.2110;1.6884;0.3810;0.0290;5.1950;0.2850;0.2850;-0.0780;1;F-TIDAL BAR
F-14;3149.50;50.0920;0.2000;2.1490;2.8950;96.2140;1.6823;0.3910;0.0300;4.4840;0.2862;0.2862;-0.0860;1;F-TIDAL BAR
F-14;3149.75;49.3730;0.2050;2.1510;2.7800;95.7470;1.6790;0.3950;0.0290;3.5660;0.2854;0.2854;-0.0800;1;F-TIDAL BAR
F-14;3150.00;48.6540;0.2110;2.1520;2.6660;95.2790;1.6757;0.3850;0.0300;4.7560;0.2846;0.2846;-0.0740;1;F-TIDAL BAR
F-14;3150.25;48.7500;0.2150;2.1510;2.7080;94.7750;1.6768;0.3980;0.0300;3.7260;0.2854;0.2854;-0.0700;1;F-TIDAL BAR
F-14;3150.50;48.8450;0.2190;2.1490;2.7500;94.2700;1.6780;0.4000;0.0300;3.3620;0.2862;0.2862;-0.0670;1;F-TIDAL BAR
F-14;3150.75;47.6110;0.2120;2.1570;2.7610;94.6030;1.6792;0.3680;0.0300;6.9510;0.2818;0.2818;-0.0700;1;F-TIDAL BAR
F-14;3151.00;46.3760;0.2050;2.1650;2.7720;94.9350;1.6804;0.3520;0.0290;8.9630;0.2773;0.2773;-0.0720;1;F-TIDAL BAR
F-14;3151.25;48.6840;0.2040;2.1680;2.7350;95.0340;1.6818;0.3710;0.0290;5.2750;0.2754;0.2754;-0.0710;1;F-TIDAL BAR
F-14;3151.50;50.9910;0.2030;2.1710;2.6970;95.1320;1.6832;0.3940;0.0290;2.8910;0.2735;0.2735;-0.0700;1;F-TIDAL BAR
F-14;3151.75;51.2530;0.2140;2.1690;3.0510;95.0000;1.6961;0.4010;0.0300;2.8990;0.2748;0.2748;-0.0610;1;F-TIDAL BAR
F-14;3152.00;51.5140;0.2250;2.1670;3.4050;94.8670;1.7087;0.3930;0.0290;3.7820;0.2761;0.2761;-0.0520;1;F-TIDAL BAR
F-14;3152.25;51.7180;0.2180;2.1550;3.2810;93.5900;1.7148;0.4120;0.0300;2.6590;0.2827;0.2827;-0.0640;1;F-TIDAL BAR
F-14;3152.50;51.9210;0.2120;2.1440;3.1570;92.3120;1.7208;0.4170;0.0300;2.6540;0.2894;0.2894;-0.0770;1;F-TIDAL BAR
F-14;3152.75;51.7140;0.2080;2.1490;2.8790;91.3630;1.7387;0.4120;0.0300;2.8000;0.2865;0.2865;-0.0780;1;F-TIDAL BAR
F-14;3153.00;51.5070;0.2040;2.1540;2.6020;90.4140;1.7559;0.4070;0.0300;3.1820;0.2836;0.2836;-0.0790;1;F-TIDAL BAR
F-14;3153.25;52.4680;0.2140;2.1640;2.6910;91.1540;1.7817;0.4010;0.0300;3.0930;0.2778;0.2778;-0.0640;1;F-TIDAL BAR
F-14;3153.50;53.4290;0.2230;2.1740;2.7800;91.8930;1.8060;0.4040;0.0300;2.8330;0.2721;0.2721;-0.0490;1;F-TIDAL BAR
F-14;3153.75;54.9800;0.2040;2.1670;2.7730;89.4550;1.8152;0.4310;0.0300;1.6960;0.2758;0.2758;-0.0720;1;F-TIDAL BAR
F-14;3154.00;56.5310;0.1850;2.1610;2.7670;87.0170;1.8241;0.4370;0.0320;1.3990;0.2795;0.2795;-0.0940;1;F-TIDAL BAR
F-14;3154.25;56.0800;0.1820;2.1610;2.7650;86.5660;1.9272;0.4410;0.0320;1.0770;0.2797;0.2797;-0.0980;1;F-TIDAL BAR
F-14;3154.50;55.6280;0.1790;2.1600;2.7630;86.1150;2.0104;0.4280;0.0320;1.5700;0.2798;0.2798;-0.1010;1;F-TIDAL BAR
F-14;3154.75;58.4410;0.1810;2.1740;2.8160;86.4960;1.9847;0.4480;0.0330;0.9830;0.2721;0.2721;-0.0910;1;F-TIDAL BAR
F-14;3155.00;61.2530;0.1830;2.1880;2.8700;86.8780;1.9575;0.4800;0.0320;0.5350;0.2642;0.2642;-0.0810;1;F-TIDAL BAR
F-14;3155.25;49.7980;0.1720;2.2620;3.3630;84.8670;1.9619;0.4830;0.0360;0.3360;0.2215;0.2215;-0.0490;1;F-TIDAL BAR
F-14;3155.50;38.3430;0.1620;2.3370;3.8570;82.8570;1.9664;0.3700;0.0330;1.5640;0.1787;0.1787;-0.0170;4;F-MOUTHBAR
F-14;3155.75;29.6730;0.1690;2.2840;3.6690;84.2640;1.9366;0.2550;0.0160;23.3480;0.2091;0.2091;-0.0400;4;F-MOUTHBAR
F-14;3156.00;21.0020;0.1750;2.2310;3.4810;85.6710;1.9047;0.1680;0.0160;133.7700;0.2395;0.2395;-0.0640;4;F-MOUTHBAR
F-14;3156.25;20.6500;0.1760;2.2120;3.4330;87.2230;1.9257;0.1320;0.0160;420.3700;0.2503;0.2503;-0.0740;4;F-MOUTHBAR
F-14;3156.50;20.2980;0.1770;2.1930;3.3840;88.7750;1.9456;0.1210;0.0140;582.6270;0.2613;0.2613;-0.0840;4;F-MOUTHBAR
F-14;3156.75;19.1450;0.1780;2.1780;3.4680;88.8440;1.9534;0.1370;0.0130;509.8990;0.2699;0.2699;-0.0920;4;F-MOUTHBAR
F-14;3157.00;17.9910;0.1790;2.1620;3.5520;88.9130;1.9611;0.1300;0.0140;651.3830;0.2787;0.2787;-0.1000;4;F-MOUTHBAR
F-14;3157.25;18.9930;0.1830;2.1670;3.7470;89.7450;1.9466;0.1080;0.0140;1073.5950;0.2758;0.2758;-0.0930;4;F-MOUTHBAR
F-14;3157.50;19.9950;0.1870;2.1720;3.9420;90.5780;1.9317;0.1190;0.0140;771.8290;0.2730;0.2730;-0.0860;4;F-MOUTHBAR
F-14;3157.75;19.4100;0.1840;2.1790;3.6210;89.6910;1.9491;0.1360;0.0140;558.2970;0.2690;0.2690;-0.0850;4;F-MOUTHBAR
F-14;3158.00;18.8260;0.1800;2.1860;3.3000;88.8050;1.9658;0.1240;0.0130;705.0880;0.2650;0.2650;-0.0850;4;F-MOUTHBAR
F-14;3158.25;18.9710;0.1750;2.1870;3.0990;88.4070;1.9912;0.1180;0.0130;685.2760;0.2644;0.2644;-0.0890;4;F-MOUTHBAR
F-14;3158.50;19.1160;0.1700;2.1880;2.8990;88.0090;2.0151;0.1260;0.0130;553.9430;0.2638;0.2638;-0.0940;4;F-MOUTHBAR
F-14;3158.75;17.6490;0.1650;2.1860;2.8040;87.6240;2.0158;0.1210;0.0130;606.5870;0.2649;0.2649;-0.1000;4;F-MOUTHBAR
F-14;3159.00;16.1820;0.1610;2.1850;2.7090;87.2390;2.0165;0.0970;0.0120;989.0810;0.2660;0.2660;-0.1060;4;F-MOUTHBAR
F-14;3159.25;15.3070;0.1620;2.1880;2.7220;87.3620;2.0298;0.0940;0.0120;1056.5930;0.2638;0.2638;-0.1020;4;F-MOUTHBAR
F-14;3159.50;14.4330;0.1620;2.1920;2.7340;87.4860;2.0426;0.0890;0.0120;1064.8680;0.2617;0.2617;-0.0990;4;F-MOUTHBAR
F-14;3159.75;15.5280;0.1650;2.1900;2.7250;88.1000;2.0667;0.0890;0.0120;1177.6730;0.2627;0.2627;-0.0980;4;F-MOUTHBAR
F-14;3160.00;16.6230;0.1670;2.1880;2.7150;88.7150;2.0895;0.0970;0.0120;1061.8570;0.2638;0.2638;-0.0970;4;F-MOUTHBAR
F-14;3160.25;16.6560;0.1630;2.1900;2.8090;88.4730;2.0703;0.1000;0.0120;938.8710;0.2629;0.2629;-0.1000;4;F-MOUTHBAR
F-14;3160.50;16.6890;0.1590;2.1920;2.9030;88.2310;2.0503;0.0950;0.0120;1023.6490;0.2619;0.2619;-0.1030;4;F-MOUTHBAR
F-14;3160.75;15.5570;0.1640;2.1910;2.6200;87.6400;2.0633;0.1010;0.0120;927.0090;0.2621;0.2621;-0.0980;4;F-MOUTHBAR
F-14;3161.00;14.4240;0.1680;2.1910;2.3380;87.0500;2.0760;0.0870;0.0110;1138.6950;0.2622;0.2622;-0.0940;4;F-MOUTHBAR
F-14;3161.25;15.8000;0.1700;2.1870;2.3550;86.6600;2.0812;0.0820;0.0110;1405.2440;0.2644;0.2644;-0.0950;4;F-MOUTHBAR
F-14;3161.50;17.1760;0.1710;2.1830;2.3730;86.2710;2.0863;0.0950;0.0120;1168.1030;0.2667;0.2667;-0.0950;4;F-MOUTHBAR
F-14;3161.75;16.8750;0.1810;2.1760;2.3390;87.3540;2.0944;0.1070;0.0110;876.2330;0.2709;0.2709;-0.0900;4;F-MOUTHBAR
F-14;3162.00;16.5740;0.1900;2.1680;2.3050;88.4370;2.1024;0.1020;0.0110;1110.2510;0.2752;0.2752;-0.0850;4;F-MOUTHBAR
F-14;3162.25;17.5660;0.1860;2.1690;2.3850;89.3760;2.0884;0.1030;0.0110;1152.1470;0.2749;0.2749;-0.0890;4;F-MOUTHBAR
F-14;3162.50;18.5570;0.1810;2.1700;2.4640;90.3150;2.0739;0.1140;0.0110;808.6520;0.2746;0.2746;-0.0930;4;F-MOUTHBAR
F-14;3162.75;17.2940;0.1790;2.1680;3.6070;89.9630;2.0720;0.1070;0.0110;1131.9390;0.2753;0.2753;-0.0970;4;F-MOUTHBAR
F-14;3163.00;16.0300;0.1760;2.1670;4.7500;89.6100;2.0701;0.0970;0.0110;1337.8010;0.2759;0.2759;-0.1000;4;F-MOUTHBAR
F-14;3163.25;17.3190;0.1860;2.1750;3.8700;89.7620;2.0773;0.0990;0.0110;1212.8040;0.2712;0.2712;-0.0850;4;F-MOUTHBAR
F-14;3163.50;18.6070;0.1960;2.1840;2.9910;89.9130;2.0843;0.1080;0.0110;937.8600;0.2665;0.2665;-0.0710;4;F-MOUTHBAR
F-14;3163.75;18.4800;0.1870;2.1870;2.8430;89.7950;2.0688;0.1190;0.0120;771.1540;0.2648;0.2648;-0.0780;4;F-MOUTHBAR
F-14;3164.00;18.3520;0.1780;2.1900;2.6950;89.6760;2.0529;0.1090;0.0120;794.3850;0.2631;0.2631;-0.0860;4;F-MOUTHBAR
F-14;3164.25;18.4260;0.1790;2.1880;2.8910;88.4240;2.0791;0.1190;0.0110;692.6730;0.2641;0.2641;-0.0850;4;F-MOUTHBAR
F-14;3164.50;18.5010;0.1810;2.1860;3.0870;87.1720;2.1038;0.1190;0.0120;715.6630;0.2651;0.2651;-0.0850;4;F-MOUTHBAR
F-14;3164.75;18.1170;0.1820;2.1850;3.1760;85.8270;2.0769;0.1220;0.0120;679.4010;0.2655;0.2655;-0.0830;4;F-MOUTHBAR
F-14;3165.00;17.7330;0.1840;2.1850;3.2650;84.4810;2.0482;0.1180;0.0120;768.9750;0.2659;0.2659;-0.0820;4;F-MOUTHBAR
F-14;3165.25;17.8700;0.1730;2.2180;3.5920;83.9350;2.0524;0.1080;0.0120;923.5600;0.2471;0.2471;-0.0750;4;F-MOUTHBAR
F-14;3165.50;18.0080;0.1620;2.2500;3.9190;83.3890;2.0565;0.1170;0.0110;579.3900;0.2284;0.2284;-0.0670;4;F-MOUTHBAR
F-14;3165.75;18.8440;0.1640;2.2790;4.1220;82.9880;2.0122;0.1150;0.0110;434.4580;0.2123;0.2123;-0.0480;4;F-MOUTHBAR
F-14;3166.00;19.6800;0.1670;2.3070;4.3240;82.5860;1.9628;0.1160;0.0110;361.4560;0.1962;0.1962;-0.0300;4;F-MOUTHBAR
F-14;3166.25;18.2490;0.1720;2.2680;4.1430;85.3810;1.9450;0.1180;0.0090;342.5030;0.2186;0.2186;-0.0470;4;F-MOUTHBAR
F-14;3166.50;16.8170;0.1770;2.2280;3.9620;88.1770;1.9264;0.1080;0.0070;552.2110;0.2409;0.2409;-0.0640;4;F-MOUTHBAR
F-14;3166.75;19.1530;0.1850;2.2110;3.5640;89.7470;1.9159;0.1060;0.0060;781.7230;0.2506;0.2506;-0.0660;4;F-MOUTHBAR
F-14;3167.00;21.4890;0.1920;2.1940;3.1650;91.3170;1.9051;0.1220;0.0050;777.9590;0.2603;0.2603;-0.0680;4;F-MOUTHBAR
F-14;3167.25;19.1730;0.1900;2.1770;2.8980;90.2210;1.8880;0.1370;0.0080;508.7180;0.2703;0.2703;-0.0810;4;F-MOUTHBAR
F-14;3167.50;16.8560;0.1870;2.1600;2.6300;89.1260;1.8702;0.1190;0.0070;844.2990;0.2802;0.2802;-0.0940;4;F-MOUTHBAR
F-14;3167.75;17.5700;0.1870;2.1610;2.9400;90.4300;1.9125;0.1020;0.0040;1301.1710;0.2792;0.2792;-0.0920;4;F-MOUTHBAR
F-14;3168.00;18.2840;0.1870;2.1630;3.2500;91.7350;1.9510;0.1060;0.0040;1226.5250;0.2782;0.2782;-0.0910;4;F-MOUTHBAR
F-14;3168.25;17.6000;0.1870;2.1680;3.0940;90.7080;1.9509;0.1110;0.0040;1021.9370;0.2752;0.2752;-0.0880;4;F-MOUTHBAR
F-14;3168.50;16.9160;0.1870;2.1740;2.9380;89.6820;1.9509;0.1050;0.0040;1203.4240;0.2722;0.2722;-0.0850;4;F-MOUTHBAR
F-14;3168.75;17.6700;0.1830;2.1890;3.1210;87.9800;1.8763;0.1080;0.0040;982.9980;0.2635;0.2635;-0.0810;4;F-MOUTHBAR
F-14;3169.00;18.4240;0.1780;2.2040;3.3040;86.2780;1.7861;0.1190;0.0100;751.5120;0.2548;0.2548;-0.0770;4;F-MOUTHBAR
F-14;3169.25;19.9570;0.1810;2.2230;3.3080;86.8030;1.7816;0.1160;0.0120;645.1610;0.2438;0.2438;-0.0630;4;F-MOUTHBAR
F-14;3169.50;21.4900;0.1840;2.2430;3.3110;87.3280;1.7771;0.1260;0.0130;436.4400;0.2328;0.2328;-0.0490;4;F-MOUTHBAR
F-14;3169.75;21.0030;0.1780;2.2300;3.0200;87.0790;1.7522;0.1490;0.0140;275.8060;0.2399;0.2399;-0.0620;4;F-MOUTHBAR
F-14;3170.00;20.5170;0.1730;2.2180;2.7300;86.8290;1.7257;0.1460;0.0120;293.2880;0.2470;0.2470;-0.0740;4;F-MOUTHBAR
F-14;3170.25;19.3260;0.1720;2.2080;2.6190;86.4510;1.6726;0.1350;0.0100;416.0630;0.2527;0.2527;-0.0810;4;F-MOUTHBAR
F-14;3170.50;18.1350;0.1720;2.1980;2.5090;86.0730;1.6121;0.1260;0.0150;551.4230;0.2585;0.2585;-0.0870;4;F-MOUTHBAR
F-14;3170.75;18.5940;0.1720;2.2180;2.5620;85.4530;1.6036;0.1140;0.0260;709.5880;0.2470;0.2470;-0.0750;4;F-MOUTHBAR
F-14;3171.00;19.0540;0.1730;2.2380;2.6160;84.8330;1.5950;0.1120;0.0270;669.8270;0.2354;0.2354;-0.0630;4;F-MOUTHBAR
F-14;3171.25;28.1170;0.1730;2.3030;3.2240;83.6780;1.9181;0.1270;0.0230;334.9260;0.1981;0.1981;-0.0250;4;F-MOUTHBAR
F-14;3171.50;37.1810;0.1740;2.3690;3.8320;82.5220;2.1013;0.2240;0.0520;15.3560;0.1608;0.1608;0.0140;4;F-MOUTHBAR
F-14;3171.75;43.6050;0.1890;2.2860;3.4110;85.6890;1.9165;0.3090;0.0580;6.1550;0.2082;0.2082;-0.0190;4;F-MOUTHBAR
F-14;3172.00;50.0280;0.2030;2.2030;2.9910;88.8560;1.5880;0.3670;0.0250;3.4910;0.2555;0.2555;-0.0520;4;F-MOUTHBAR
F-14;3172.25;48.7720;0.2080;2.1870;3.1140;91.0920;1.6122;0.3920;0.0380;2.9350;0.2649;0.2649;-0.0570;4;F-MOUTHBAR
F-14;3172.50;47.5160;0.2130;2.1700;3.2370;93.3280;1.6351;0.3790;0.0380;4.5000;0.2743;0.2743;-0.0620;4;F-MOUTHBAR
F-14;3172.75;49.9010;0.2140;2.1620;3.2030;94.4350;1.6587;0.3730;0.0340;5.5260;0.2788;0.2788;-0.0650;4;F-MOUTHBAR
F-14;3173.00;52.2850;0.2150;2.1540;3.1700;95.5420;1.6811;0.3990;0.0340;3.1900;0.2834;0.2834;-0.0690;4;F-MOUTHBAR
F-14;3173.25;51.4100;0.2220;2.1630;3.1990;94.1430;1.7090;0.4130;0.0330;2.5080;0.2783;0.2783;-0.0560;1;F-TIDAL BAR
F-14;3173.50;50.5360;0.2300;2.1720;3.2290;92.7440;1.7351;0.4050;0.0320;2.6640;0.2732;0.2732;-0.0430;1;F-TIDAL BAR
F-14;3173.75;50.1090;0.2220;2.1720;3.1660;92.7320;1.7414;0.3930;0.0310;3.8530;0.2733;0.2733;-0.0510;1;F-TIDAL BAR
F-14;3174.00;49.6820;0.2140;2.1720;3.1040;92.7200;1.7476;0.3960;0.0300;3.0470;0.2733;0.2733;-0.0590;1;F-TIDAL BAR
F-14;3174.25;48.7200;0.2120;2.1750;3.0370;93.8770;1.7426;0.3860;0.0300;3.8370;0.2714;0.2714;-0.0590;1;F-TIDAL BAR
F-14;3174.50;47.7580;0.2110;2.1780;2.9710;95.0340;1.7376;0.3690;0.0300;5.5730;0.2697;0.2697;-0.0590;1;F-TIDAL BAR
F-14;3174.75;49.4590;0.2110;2.1730;3.0610;95.2550;1.7415;0.3740;0.0300;4.8020;0.2727;0.2727;-0.0620;1;F-TIDAL BAR
F-14;3175.00;51.1610;0.2100;2.1680;3.1510;95.4760;1.7453;0.3960;0.0300;2.9460;0.2757;0.2757;-0.0650;1;F-TIDAL BAR
F-14;3175.25;51.9040;0.2120;2.1670;3.1660;94.8730;1.7411;0.4030;0.0300;2.9450;0.2761;0.2761;-0.0640;1;F-TIDAL BAR
F-14;3175.50;52.6480;0.2140;2.1660;3.1810;94.2700;1.7368;0.4080;0.0300;2.3540;0.2763;0.2763;-0.0630;1;F-TIDAL BAR
F-14;3175.75;51.1390;0.2180;2.1620;3.1740;94.5700;1.7320;0.4070;0.0300;2.9290;0.2790;0.2790;-0.0610;1;F-TIDAL BAR
F-14;3176.00;49.6310;0.2220;2.1570;3.1670;94.8700;1.7271;0.3890;0.0300;4.0430;0.2815;0.2815;-0.0600;1;F-TIDAL BAR
F-14;3176.25;48.6650;0.2190;2.1560;3.1450;95.9860;1.7323;0.3910;0.0300;4.3310;0.2825;0.2825;-0.0640;1;F-TIDAL BAR
F-14;3176.50;47.7000;0.2160;2.1540;3.1230;97.1010;1.7374;0.3830;0.0300;5.8190;0.2834;0.2834;-0.0670;1;F-TIDAL BAR
F-14;3176.75;50.1390;0.2200;2.1580;3.0690;96.7030;1.7323;0.3820;0.0300;4.9680;0.2814;0.2814;-0.0620;1;F-TIDAL BAR
F-14;3177.00;52.5770;0.2230;2.1610;3.0140;96.3050;1.7272;0.4010;0.0300;3.5220;0.2795;0.2795;-0.0560;1;F-TIDAL BAR
F-14;3177.25;51.9520;0.2180;2.1620;3.0530;96.4940;1.7238;0.4140;0.0300;2.4660;0.2790;0.2790;-0.0610;1;F-TIDAL BAR
F-14;3177.50;51.3280;0.2130;2.1630;3.0930;96.6830;1.7204;0.4170;0.0300;2.1250;0.2785;0.2785;-0.0650;1;F-TIDAL BAR
F-14;3177.75;49.3810;0.2190;2.1650;3.0560;96.3180;1.7274;0.3960;0.0300;3.5730;0.2773;0.2773;-0.0580;1;F-TIDAL BAR
F-14;3178.00;47.4330;0.2250;2.1670;3.0200;95.9530;1.7343;0.3780;0.0300;5.5060;0.2761;0.2761;-0.0520;1;F-TIDAL BAR
F-14;3178.25;49.9740;0.2240;2.1650;2.8800;97.2210;1.7314;0.3760;0.0300;5.3600;0.2770;0.2770;-0.0540;1;F-TIDAL BAR
F-14;3178.50;52.5150;0.2230;2.1640;2.7400;98.4890;1.7284;0.4010;0.0300;3.0200;0.2780;0.2780;-0.0560;1;F-TIDAL BAR
F-14;3178.75;51.7950;0.2190;2.1650;2.7310;97.5360;1.7305;0.3970;0.0290;3.4660;0.2771;0.2771;-0.0580;1;F-TIDAL BAR
F-14;3179.00;51.0750;0.2150;2.1670;2.7220;96.5840;1.7326;0.3970;0.0300;3.3220;0.2762;0.2762;-0.0610;1;F-TIDAL BAR
F-14;3179.25;52.0080;0.2140;2.1590;2.6870;96.7360;1.7311;0.4000;0.0290;3.3190;0.2808;0.2808;-0.0670;1;F-TIDAL BAR
F-14;3179.50;52.9410;0.2130;2.1510;2.6520;96.8880;1.7296;0.4070;0.0290;3.0730;0.2854;0.2854;-0.0730;1;F-TIDAL BAR
F-14;3179.75;51.0700;0.2080;2.1520;2.5920;96.4860;1.7231;0.4170;0.0290;2.3560;0.2844;0.2844;-0.0760;1;F-TIDAL BAR
F-14;3180.00;49.2000;0.2040;2.1540;2.5320;96.0830;1.7165;0.4000;0.0290;3.1910;0.2834;0.2834;-0.0800;1;F-TIDAL BAR
F-14;3180.25;49.7610;0.2220;2.1510;2.6050;96.0300;1.7178;0.3820;0.0290;4.5950;0.2849;0.2849;-0.0630;1;F-TIDAL BAR
F-14;3180.50;50.3210;0.2390;2.1490;2.6790;95.9770;1.7191;0.3890;0.0290;4.0090;0.2865;0.2865;-0.0470;1;F-TIDAL BAR
F-14;3180.75;51.1020;0.2240;2.1490;2.6570;96.2070;1.7197;0.4010;0.0290;3.8170;0.2863;0.2863;-0.0620;1;F-TIDAL BAR
F-14;3181.00;51.8830;0.2090;2.1490;2.6360;96.4370;1.7203;0.4070;0.0290;3.0120;0.2862;0.2862;-0.0770;1;F-TIDAL BAR
F-14;3181.25;52.9260;0.2110;2.1530;2.6390;95.8950;1.7225;0.4110;0.0290;2.8530;0.2839;0.2839;-0.0730;1;F-TIDAL BAR
F-14;3181.50;53.9680;0.2130;2.1570;2.6430;95.3530;1.7246;0.4150;0.0290;2.5520;0.2817;0.2817;-0.0690;1;F-TIDAL BAR
F-14;3181.75;50.3050;0.2020;2.1880;2.7260;92.8250;1.7090;0.4170;0.0290;2.0590;0.2639;0.2639;-0.0620;1;F-TIDAL BAR
F-14;3182.00;46.6420;0.1910;2.2190;2.8090;90.2970;1.6927;0.3920;0.0280;2.6120;0.2462;0.2462;-0.0560;1;F-TIDAL BAR
F-14;3182.25;44.7190;0.1860;2.2080;2.8710;91.1020;1.6948;0.3430;0.0270;6.2680;0.2527;0.2527;-0.0670;1;F-TIDAL BAR
F-14;3182.50;42.7960;0.1810;2.1970;2.9330;91.9070;1.6968;0.3380;0.0270;7.0060;0.2591;0.2591;-0.0780;1;F-TIDAL BAR
F-14;3182.75;41.5870;0.1780;2.2060;3.0030;91.6240;1.7071;0.3310;0.0270;7.9950;0.2537;0.2537;-0.0760;1;F-TIDAL BAR
F-14;3183.00;40.3790;0.1750;2.2160;3.0740;91.3410;1.7172;0.3110;0.0270;12.1930;0.2483;0.2483;-0.0730;1;F-TIDAL BAR
F-14;3183.25;39.9660;0.1780;2.2200;3.2280;91.5910;1.7170;0.3030;0.0260;12.5820;0.2457;0.2457;-0.0680;1;F-TIDAL BAR
F-14;3183.50;39.5530;0.1810;2.2250;3.3810;91.8420;1.7168;0.3000;0.0270;14.0020;0.2430;0.2430;-0.0620;1;F-TIDAL BAR
F-14;3183.75;46.7370;0.1880;2.2110;3.1760;91.9980;1.7267;0.3100;0.0270;11.1090;0.2508;0.2508;-0.0620;1;F-TIDAL BAR
F-14;3184.00;53.9210;0.1960;2.1970;2.9710;92.1540;1.7363;0.3850;0.0280;3.0170;0.2586;0.2586;-0.0630;1;F-TIDAL BAR
F-14;3184.25;59.8430;0.1980;2.1840;3.0450;92.3540;1.7316;0.4470;0.0290;0.9650;0.2662;0.2662;-0.0680;1;F-TIDAL BAR
F-14;3184.50;65.7640;0.2000;2.1710;3.1180;92.5550;1.7268;0.5030;0.0290;0.3110;0.2737;0.2737;-0.0730;1;F-TIDAL BAR
F-14;3184.75;63.0790;0.2070;2.1920;3.1230;97.3220;1.7325;0.5240;0.0290;0.2110;0.2618;0.2618;-0.0550;1;F-TIDAL BAR
F-14;3185.00;60.3940;0.2140;2.2130;3.1270;102.0890;1.7382;0.5080;0.0290;0.2640;0.2499;0.2499;-0.0360;1;F-TIDAL BAR
F-14;3185.25;63.3560;0.2090;2.2180;3.0630;97.7570;1.7369;0.4780;0.0290;0.4180;0.2469;0.2469;-0.0380;1;F-TIDAL BAR
F-14;3185.50;66.3180;0.2040;2.2230;2.9990;93.4260;1.7357;0.4980;0.0290;0.2380;0.2439;0.2439;-0.0400;1;F-TIDAL BAR
F-14;3185.75;67.1640;0.2030;2.2160;2.9950;92.6090;1.7381;0.5400;0.0290;0.1140;0.2480;0.2480;-0.0450;1;F-TIDAL BAR
F-14;3186.00;68.0090;0.2010;2.2090;2.9900;91.7920;1.7405;0.5390;0.0290;0.1120;0.2521;0.2521;-0.0510;1;F-TIDAL BAR
F-14;3186.25;66.4410;0.2090;2.1840;2.8700;92.7650;1.7352;0.5500;0.0300;0.1060;0.2662;0.2662;-0.0570;1;F-TIDAL BAR
F-14;3186.50;64.8720;0.2160;2.1600;2.7490;93.7370;1.7299;0.5380;0.0300;0.1820;0.2803;0.2803;-0.0640;1;F-TIDAL BAR
F-14;3186.75;64.1070;0.2190;2.1700;2.8050;93.6470;1.7301;0.5160;0.0290;0.2820;0.2741;0.2741;-0.0560;1;F-TIDAL BAR
F-14;3187.00;63.3420;0.2210;2.1810;2.8600;93.5570;1.7303;0.5150;0.0290;0.2890;0.2678;0.2678;-0.0470;1;F-TIDAL BAR
F-14;3187.25;64.3180;0.2090;2.1810;2.8770;93.8560;1.7484;0.5040;0.0290;0.3170;0.2682;0.2682;-0.0590;1;F-TIDAL BAR
F-14;3187.50;65.2940;0.1970;2.1800;2.8930;94.1560;1.7658;0.5240;0.0290;0.1910;0.2686;0.2686;-0.0710;1;F-TIDAL BAR
F-14;3187.75;60.4120;0.2080;2.1790;3.0120;96.5200;1.7478;0.5260;0.0290;0.2000;0.2693;0.2693;-0.0610;1;F-TIDAL BAR
F-14;3188.00;55.5300;0.2200;2.1770;3.1300;98.8830;1.7291;0.4710;0.0290;0.6260;0.2701;0.2701;-0.0510;1;F-TIDAL BAR
F-14;3188.25;54.2690;0.2120;2.1760;3.1710;98.1110;1.7284;0.4330;0.0290;1.4620;0.2710;0.2710;-0.0590;1;F-TIDAL BAR
F-14;3188.50;53.0070;0.2040;2.1740;3.2120;97.3380;1.7277;0.4280;0.0290;1.5730;0.2721;0.2721;-0.0680;1;F-TIDAL BAR
F-14;3188.75;51.9700;0.2080;2.1690;3.2250;96.6860;1.7353;0.4120;0.0290;2.2370;0.2746;0.2746;-0.0660;1;F-TIDAL BAR
F-14;3189.00;50.9330;0.2130;2.1650;3.2370;96.0340;1.7428;0.4120;0.0280;2.3610;0.2772;0.2772;-0.0640;1;F-TIDAL BAR
F-14;3189.25;51.6810;0.2070;2.1780;3.4300;96.0550;1.7327;0.3960;0.0280;3.4560;0.2697;0.2697;-0.0630;1;F-TIDAL BAR
F-14;3189.50;52.4290;0.2000;2.1910;3.6220;96.0760;1.7223;0.4120;0.0280;1.9610;0.2622;0.2622;-0.0620;1;F-TIDAL BAR
F-14;3189.75;52.0740;0.2080;2.1860;3.4710;97.5000;1.7179;0.4160;0.0280;1.8330;0.2651;0.2651;-0.0570;1;F-TIDAL BAR
F-14;3190.00;51.7190;0.2160;2.1810;3.3190;98.9230;1.7134;0.4080;0.0280;2.5040;0.2680;0.2680;-0.0520;1;F-TIDAL BAR
F-14;3190.25;49.9030;0.2150;2.1790;3.2590;98.5170;1.7129;0.3980;0.0280;2.9200;0.2690;0.2690;-0.0540;1;F-TIDAL BAR
F-14;3190.50;48.0860;0.2150;2.1780;3.2000;98.1110;1.7124;0.3750;0.0280;4.4770;0.2699;0.2699;-0.0550;1;F-TIDAL BAR
F-14;3190.75;51.1800;0.2130;2.1800;3.1700;97.1790;1.7069;0.3820;0.0280;4.3070;0.2687;0.2687;-0.0560;1;F-TIDAL BAR
F-14;3191.00;54.2730;0.2110;2.1820;3.1410;96.2480;1.7012;0.4090;0.0280;2.2070;0.2674;0.2674;-0.0560;1;F-TIDAL BAR
F-14;3191.25;52.7400;0.2090;2.1810;3.1470;96.9290;1.7054;0.4250;0.0290;1.5140;0.2683;0.2683;-0.0600;1;F-TIDAL BAR
F-14;3191.50;51.2060;0.2060;2.1790;3.1530;97.6100;1.7095;0.4070;0.0280;2.2270;0.2692;0.2692;-0.0630;1;F-TIDAL BAR
F-14;3191.75;50.2010;0.2010;2.1670;3.1480;97.1790;1.7110;0.3990;0.0280;2.8640;0.2760;0.2760;-0.0750;1;F-TIDAL BAR
F-14;3192.00;49.1950;0.1970;2.1550;3.1430;96.7480;1.7126;0.3950;0.0280;3.3570;0.2828;0.2828;-0.0860;1;F-TIDAL BAR
F-14;3192.25;49.9960;0.2020;2.1630;3.0580;96.4200;1.7092;0.3780;0.0280;4.8310;0.2782;0.2782;-0.0760;1;F-TIDAL BAR
F-14;3192.50;50.7960;0.2070;2.1710;2.9730;96.0920;1.7057;0.3770;0.0280;5.2730;0.2735;0.2735;-0.0670;1;F-TIDAL BAR
F-14;3192.75;50.2010;0.2080;2.1720;2.7600;96.5680;1.7153;0.3930;0.0280;3.2840;0.2734;0.2734;-0.0660;1;F-TIDAL BAR
F-14;3193.00;49.6050;0.2090;2.1720;2.5460;97.0440;1.7247;0.3810;0.0280;4.2270;0.2733;0.2733;-0.0650;1;F-TIDAL BAR
F-14;3193.25;48.8050;0.2070;2.1630;2.5850;96.4110;1.7208;0.3900;0.0280;3.7040;0.2781;0.2781;-0.0710;1;F-TIDAL BAR
F-14;3193.50;48.0040;0.2060;2.1550;2.6240;95.7790;1.7169;0.3790;0.0280;5.0390;0.2829;0.2829;-0.0770;1;F-TIDAL BAR
F-14;3193.75;49.2450;0.2040;2.1600;2.6530;94.3440;1.7023;0.3710;0.0280;5.5930;0.2801;0.2801;-0.0770;1;F-TIDAL BAR
F-14;3194.00;50.4860;0.2010;2.1650;2.6820;92.9090;1.6872;0.3760;0.0280;4.7590;0.2772;0.2772;-0.0770;1;F-TIDAL BAR
F-14;3194.25;50.3030;0.2050;2.1730;2.6460;93.0610;1.6803;0.4010;0.0280;2.7420;0.2724;0.2724;-0.0670;1;F-TIDAL BAR
F-14;3194.50;50.1190;0.2100;2.1820;2.6100;93.2130;1.6733;0.4120;0.0280;2.0290;0.2675;0.2675;-0.0580;1;F-TIDAL BAR
F-14;3194.75;49.9540;0.2090;2.1930;2.6710;93.0150;1.6749;0.3690;0.0270;5.0750;0.2614;0.2614;-0.0530;1;F-TIDAL BAR
F-14;3195.00;49.7900;0.2080;2.2030;2.7320;92.8170;1.6765;0.3670;0.0280;4.6770;0.2553;0.2553;-0.0470;1;F-TIDAL BAR
F-14;3195.25;50.7810;0.2100;2.1900;2.7080;92.0370;1.6707;0.4010;0.0280;2.3760;0.2627;0.2627;-0.0530;1;F-TIDAL BAR
F-14;3195.50;51.7720;0.2120;2.1770;2.6840;91.2580;1.6648;0.4190;0.0280;1.5080;0.2702;0.2702;-0.0580;1;F-TIDAL BAR
F-14;3195.75;52.1450;0.2160;2.1790;2.6910;90.0570;1.6556;0.4050;0.0280;2.6040;0.2691;0.2691;-0.0530;1;F-TIDAL BAR
F-14;3196.00;52.5180;0.2200;2.1810;2.6980;88.8560;1.6463;0.3980;0.0280;2.9060;0.2679;0.2679;-0.0480;1;F-TIDAL BAR
F-14;3196.25;51.1090;0.2130;2.1830;2.7700;89.9360;1.6429;0.4140;0.0280;2.1130;0.2667;0.2667;-0.0540;1;F-TIDAL BAR
F-14;3196.50;49.7000;0.2050;2.1850;2.8420;91.0150;1.6395;0.3980;0.0280;2.6550;0.2655;0.2655;-0.0600;1;F-TIDAL BAR
F-14;3196.75;51.7070;0.2040;2.1900;2.9610;93.0610;1.6338;0.3890;0.0280;3.1730;0.2629;0.2629;-0.0590;1;F-TIDAL BAR
F-14;3197.00;53.7140;0.2030;2.1950;3.0790;95.1070;1.6280;0.4110;0.0280;2.0360;0.2603;0.2603;-0.0570;1;F-TIDAL BAR
F-14;3197.25;52.5610;0.2080;2.1880;3.4290;95.7820;1.6189;0.4260;0.0290;1.4820;0.2638;0.2638;-0.0560;1;F-TIDAL BAR
F-14;3197.50;51.4090;0.2130;2.1820;3.7780;96.4560;1.6096;0.4150;0.0290;2.0350;0.2673;0.2673;-0.0540;1;F-TIDAL BAR
F-14;3197.75;51.2000;0.2060;2.1860;3.7270;93.8030;1.5940;0.4030;0.0290;2.5640;0.2651;0.2651;-0.0590;1;F-TIDAL BAR
F-14;3198.00;50.9910;0.1980;2.1900;3.6750;91.1500;1.5779;0.4080;0.0290;2.1970;0.2629;0.2629;-0.0650;1;F-TIDAL BAR
F-14;3198.25;49.7010;0.2010;2.1890;3.7140;90.2800;1.5586;0.3840;0.0290;3.8880;0.2637;0.2637;-0.0620;1;F-TIDAL BAR
F-14;3198.50;48.4100;0.2040;2.1870;3.7530;89.4100;1.5384;0.3820;0.0290;3.9410;0.2644;0.2644;-0.0600;1;F-TIDAL BAR
F-14;3198.75;49.1960;0.2020;2.1990;3.6710;86.4640;1.5352;0.3770;0.0290;4.2590;0.2575;0.2575;-0.0560;1;F-TIDAL BAR
F-14;3199.00;49.9830;0.1990;2.2110;3.5890;83.5180;1.5320;0.3840;0.0290;3.2290;0.2507;0.2507;-0.0520;1;F-TIDAL BAR
F-14;3199.25;49.6710;0.2040;2.1940;3.3120;86.3930;1.5228;0.3930;0.0300;2.3730;0.2606;0.2606;-0.0570;1;F-TIDAL BAR
F-14;3199.50;49.3600;0.2080;2.1770;3.0340;89.2680;1.5135;0.3930;0.0300;2.6360;0.2705;0.2705;-0.0620;1;F-TIDAL BAR
F-14;3199.75;48.6190;0.2160;2.1680;2.9630;88.9580;1.5043;0.3790;0.0300;4.7630;0.2754;0.2754;-0.0600;1;F-TIDAL BAR
F-14;3200.00;47.8790;0.2230;2.1590;2.8930;88.6480;1.4948;0.3670;0.0300;6.4170;0.2805;0.2805;-0.0570;1;F-TIDAL BAR
F-14;3200.25;48.3170;0.2140;2.1660;2.8870;88.9360;1.5005;0.3700;0.0300;6.3290;0.2767;0.2767;-0.0620;1;F-TIDAL BAR
F-14;3200.50;48.7540;0.2050;2.1720;2.8810;89.2240;1.5061;0.3840;0.0300;4.0350;0.2729;0.2729;-0.0680;1;F-TIDAL BAR
F-14;3200.75;47.0460;0.2040;2.1700;2.8300;89.6260;1.4982;0.3730;0.0300;5.0210;0.2745;0.2745;-0.0700;1;F-TIDAL BAR
F-14;3201.00;45.3370;0.2030;2.1670;2.7780;90.0290;1.4901;0.3470;0.0300;8.1960;0.2761;0.2761;-0.0730;1;F-TIDAL BAR
F-14;3201.25;45.7350;0.2100;2.1640;2.7930;91.5060;1.4790;0.3540;0.0300;8.5700;0.2775;0.2775;-0.0670;1;F-TIDAL BAR
F-14;3201.50;46.1340;0.2180;2.1620;2.8080;92.9830;1.4676;0.3540;0.0310;9.4780;0.2791;0.2791;-0.0610;1;F-TIDAL BAR
F-14;3201.75;45.9630;0.2200;2.1600;2.8330;92.6860;1.4590;0.3620;0.0310;7.2600;0.2802;0.2802;-0.0600;1;F-TIDAL BAR
F-14;3202.00;45.7920;0.2230;2.1580;2.8580;92.3900;1.4503;0.3590;0.0320;8.1710;0.2814;0.2814;-0.0580;1;F-TIDAL BAR
F-14;3202.25;46.4890;0.2260;2.1690;2.9000;93.4160;1.4466;0.3600;0.0320;9.0000;0.2751;0.2751;-0.0490;1;F-TIDAL BAR
F-14;3202.50;47.1870;0.2290;2.1800;2.9420;94.4420;1.4428;0.3670;0.0330;6.4030;0.2688;0.2688;-0.0400;1;F-TIDAL BAR
F-14;3202.75;46.9850;0.2250;2.1910;2.9230;92.7110;1.4417;0.3600;0.0330;7.0050;0.2622;0.2622;-0.0370;1;F-TIDAL BAR
F-14;3203.00;46.7820;0.2210;2.2030;2.9050;90.9800;1.4407;0.3570;0.0330;6.0150;0.2557;0.2557;-0.0350;1;F-TIDAL BAR
F-14;3203.25;46.1820;0.2210;2.2080;3.1320;91.0680;1.4294;0.3650;0.0340;5.3170;0.2529;0.2529;-0.0320;1;F-TIDAL BAR
F-14;3203.50;45.5820;0.2210;2.2120;3.3590;91.1560;1.4179;0.3620;0.0350;5.3840;0.2501;0.2501;-0.0290;1;F-TIDAL BAR
F-14;3203.75;47.3240;0.2090;2.2250;3.4380;88.7890;1.4162;0.3590;0.0350;4.9720;0.2428;0.2428;-0.0340;1;F-TIDAL BAR
F-14;3204.00;49.0650;0.1960;2.2380;3.5170;86.4230;1.4145;0.3700;0.0340;3.4300;0.2355;0.2355;-0.0390;1;F-TIDAL BAR
F-14;3204.25;48.2290;0.2010;2.2310;3.3860;88.4790;1.4198;0.3780;0.0350;2.8460;0.2396;0.2396;-0.0390;1;F-TIDAL BAR
F-14;3204.50;47.3940;0.2050;2.2230;3.2550;90.5350;1.4250;0.3800;0.0350;2.8100;0.2438;0.2438;-0.0380;1;F-TIDAL BAR
F-14;3204.75;48.2020;0.2010;2.2290;3.3930;90.0980;1.4316;0.3720;0.0350;3.5300;0.2405;0.2405;-0.0400;1;F-TIDAL BAR
F-14;3205.00;49.0100;0.1960;2.2350;3.5310;89.6620;1.4382;0.3810;0.0350;2.6080;0.2372;0.2372;-0.0420;1;F-TIDAL BAR
F-14;3205.25;49.2360;0.1850;2.2400;3.2570;88.2450;1.4649;0.3720;0.0350;2.9410;0.2345;0.2345;-0.0490;1;F-TIDAL BAR
F-14;3205.50;49.4620;0.1750;2.2440;2.9840;86.8280;1.4901;0.3730;0.0330;2.7500;0.2318;0.2318;-0.0560;1;F-TIDAL BAR
F-14;3205.75;48.5860;0.1700;2.2510;2.8580;85.1770;1.6444;0.3860;0.0330;1.9300;0.2281;0.2281;-0.0580;1;F-TIDAL BAR
F-14;3206.00;47.7100;0.1650;2.2570;2.7330;83.5250;1.7580;0.3640;0.0320;3.1660;0.2245;0.2245;-0.0590;1;F-TIDAL BAR
F-14;3206.25;48.3650;0.1640;2.2670;2.8130;80.6670;2.1094;0.3750;0.0290;2.0120;0.2190;0.2190;-0.0550;1;F-TIDAL BAR
F-14;3206.50;49.0200;0.1620;2.2760;2.8930;77.8100;2.3010;0.3910;0.0290;1.4250;0.2135;0.2135;-0.0510;1;F-TIDAL BAR
F-14;3206.75;47.2360;0.1550;2.2950;2.8910;79.2660;2.3010;0.3780;0.0250;1.6540;0.2026;0.2026;-0.0480;1;F-TIDAL BAR
F-14;3207.00;45.4520;0.1480;2.3140;2.8890;80.7230;2.3010;0.3650;0.0260;1.8590;0.1918;0.1918;-0.0440;1;F-TIDAL BAR
F-14;3207.25;46.0270;0.1430;2.3470;3.0220;81.5920;2.3010;0.3590;0.0230;1.5740;0.1734;0.1734;-0.0300;1;F-TIDAL BAR
F-14;3207.50;46.6030;0.1380;2.3790;3.1550;82.4610;2.3010;0.3660;0.0220;1.1830;0.1550;0.1550;-0.0170;1;F-TIDAL BAR
F-14;3207.75;49.1560;0.1330;2.4200;3.0960;80.1760;2.3010;0.3760;0.0250;0.7490;0.1313;0.1313;0.0020;1;F-TIDAL BAR
F-14;3208.00;51.7100;0.1280;2.4620;3.0380;77.8920;2.3010;0.3900;0.0250;3.3420;0.1075;0.1075;0.0200;1;F-TIDAL BAR
F-14;3208.25;52.9400;0.1410;2.4680;3.2740;76.5710;2.3010;0.3990;0.0220;1.3530;0.1039;0.1039;0.0370;1;F-TIDAL BAR
F-14;3208.50;54.1710;0.1540;2.4740;3.5110;75.2490;2.3010;0.4100;0.0220;1.9070;0.1003;0.1003;0.0540;1;F-TIDAL BAR